-- phpMyAdmin SQL Dump
-- version 5.2.1
-- https://www.phpmyadmin.net/
--
-- Host: 127.0.0.1
-- Generation Time: Apr 21, 2026 at 10:20 AM
-- Server version: 10.4.32-MariaDB
-- PHP Version: 8.2.12

SET SQL_MODE = "NO_AUTO_VALUE_ON_ZERO";
START TRANSACTION;
SET time_zone = "+00:00";


/*!40101 SET @OLD_CHARACTER_SET_CLIENT=@@CHARACTER_SET_CLIENT */;
/*!40101 SET @OLD_CHARACTER_SET_RESULTS=@@CHARACTER_SET_RESULTS */;
/*!40101 SET @OLD_COLLATION_CONNECTION=@@COLLATION_CONNECTION */;
/*!40101 SET NAMES utf8mb4 */;

--
-- Database: `borrow_system`
--

-- --------------------------------------------------------

--
-- Table structure for table `roles`
--

CREATE TABLE `roles` (
  `RoleID` int(11) NOT NULL,
  `RoleName` varchar(50) NOT NULL
) ENGINE=InnoDB DEFAULT CHARSET=utf8mb4 COLLATE=utf8mb4_general_ci;

--
-- Dumping data for table `roles`
--

INSERT INTO `roles` (`RoleID`, `RoleName`) VALUES
(1, 'user'),
(2, 'admin');

-- --------------------------------------------------------

--
-- Table structure for table `sessions`
--

CREATE TABLE `sessions` (
  `session_id` varchar(128) CHARACTER SET utf8mb4 COLLATE utf8mb4_bin NOT NULL,
  `expires` int(11) UNSIGNED NOT NULL,
  `data` mediumtext CHARACTER SET utf8mb4 COLLATE utf8mb4_bin DEFAULT NULL
) ENGINE=InnoDB DEFAULT CHARSET=utf8mb4 COLLATE=utf8mb4_general_ci;

-- --------------------------------------------------------

--
-- Table structure for table `tb_m_borrowstatus`
--

CREATE TABLE `tb_m_borrowstatus` (
  `BorrowStatusID` int(11) NOT NULL,
  `StatusName` varchar(50) DEFAULT NULL
) ENGINE=InnoDB DEFAULT CHARSET=utf8mb4 COLLATE=utf8mb4_general_ci;

--
-- Dumping data for table `tb_m_borrowstatus`
--

INSERT INTO `tb_m_borrowstatus` (`BorrowStatusID`, `StatusName`) VALUES
(1, 'รออนุมัติ'),
(2, 'อนุมัติแล้ว'),
(3, 'ปฏิเสธ'),
(4, 'คืนแล้ว'),
(5, 'ยกเลิก'),
(6, 'กำลังยืม');

-- --------------------------------------------------------

--
-- Table structure for table `tb_m_brand`
--

CREATE TABLE `tb_m_brand` (
  `BrandID` int(11) NOT NULL,
  `BrandName` varchar(100) CHARACTER SET utf8 COLLATE utf8_general_ci DEFAULT NULL
) ENGINE=InnoDB DEFAULT CHARSET=utf8mb4 COLLATE=utf8mb4_general_ci;

--
-- Dumping data for table `tb_m_brand`
--

INSERT INTO `tb_m_brand` (`BrandID`, `BrandName`) VALUES
(1, 'Dell'),
(2, 'Cisco'),
(3, 'D-LINK'),
(4, 'Utimaco'),
(5, 'Acer'),
(6, 'Apple'),
(7, 'Samsung'),
(8, 'LG');

-- --------------------------------------------------------

--
-- Table structure for table `tb_m_category`
--

CREATE TABLE `tb_m_category` (
  `CategoryID` int(11) NOT NULL,
  `CategoryName` varchar(100) CHARACTER SET utf8 COLLATE utf8_general_ci DEFAULT NULL
) ENGINE=InnoDB DEFAULT CHARSET=utf8mb4 COLLATE=utf8mb4_general_ci;

--
-- Dumping data for table `tb_m_category`
--

INSERT INTO `tb_m_category` (`CategoryID`, `CategoryName`) VALUES
(1, 'อุปกรณ์สำนักงาน'),
(2, 'วัสดุสิ้นเปลือง'),
(11, 'Network'),
(12, 'Hardware');

-- --------------------------------------------------------

--
-- Table structure for table `tb_m_department`
--

CREATE TABLE `tb_m_department` (
  `DepartmentID` int(11) NOT NULL,
  `DepartmentName` varchar(255) NOT NULL
) ENGINE=InnoDB DEFAULT CHARSET=utf8mb4 COLLATE=utf8mb4_general_ci;

--
-- Dumping data for table `tb_m_department`
--

INSERT INTO `tb_m_department` (`DepartmentID`, `DepartmentName`) VALUES
(1, 'ไม่มีฝ่าย'),
(2, 'ฝ่ายเทคโนโลยีสารสนเทศ'),
(3, 'ฝ่ายบริหารความเสี่ยงและธรรมาภิบาล'),
(4, 'ฝ่ายยุทธศาสตร์องค์กร'),
(5, 'ฝ่ายสนับสนุนคณะกรรมการและผู้บริหาร'),
(6, 'ศูนย์การเงิน'),
(7, 'ศูนย์สื่อสารวาระทางสังคมและนโยบายสาธารณะ'),
(8, 'ศูนย์ Thai PBS World'),
(9, 'ศูนย์วิจัยและพัฒนาสื่อสาธารณะ'),
(10, 'ศูนย์สื่อสารและส่งเสริมการตลาดเพื่อสาธารณะ'),
(11, 'ศูนย์พัฒนานวัตกรรมสื่อสาธารณะ'),
(12, 'ศูนย์พัฒนาระบบงานสารสนเทศ'),
(13, 'ศูนย์สื่อสาธารณะเพื่อเด็กและการเรียนรู้'),
(14, 'ศูนย์สื่อศิลปวัฒนธรรม'),
(15, 'หน่วยสนับสนุนสภาผู้ชมและผู้ฟังรายการ');

-- --------------------------------------------------------

--
-- Table structure for table `tb_m_devicestatus`
--

CREATE TABLE `tb_m_devicestatus` (
  `DVStatusID` int(11) NOT NULL,
  `StatusName` varchar(100) CHARACTER SET utf8 COLLATE utf8_general_ci NOT NULL
) ENGINE=InnoDB DEFAULT CHARSET=utf8mb4 COLLATE=utf8mb4_general_ci;

--
-- Dumping data for table `tb_m_devicestatus`
--

INSERT INTO `tb_m_devicestatus` (`DVStatusID`, `StatusName`) VALUES
(1, 'พร้อมใช้งาน'),
(2, 'ถูกยืม'),
(3, 'ซ่อม'),
(4, 'ปิดใช้งาน');

-- --------------------------------------------------------

--
-- Table structure for table `tb_m_institution`
--

CREATE TABLE `tb_m_institution` (
  `InstitutionID` int(11) NOT NULL,
  `InstitutionName` varchar(255) NOT NULL
) ENGINE=InnoDB DEFAULT CHARSET=utf8mb4 COLLATE=utf8mb4_general_ci;

--
-- Dumping data for table `tb_m_institution`
--

INSERT INTO `tb_m_institution` (`InstitutionID`, `InstitutionName`) VALUES
(1, 'ไม่มีสำนัก'),
(2, 'สำนักสื่อดิจิทัล'),
(3, 'สำนักโทรทัศน์และวิทยุ'),
(4, 'สำนักบริหาร'),
(5, 'สำนักวิศวกรรม'),
(6, 'สำนักทรัพยากรมนุษย์'),
(7, 'สำนักตรวจสอบภายใน'),
(8, 'สำนักสร้างสรรค์เนื้อหา'),
(9, 'สำนักข่าว'),
(10, 'สำนักเครือข่ายและการมีส่วนร่วมสาธารณะ'),
(11, 'คณะกรรมการนโยบาย'),
(12, 'คณะกรรมการบริหาร');

-- --------------------------------------------------------

--
-- Table structure for table `tb_m_model`
--

CREATE TABLE `tb_m_model` (
  `ModelID` int(11) NOT NULL,
  `BrandID` int(11) NOT NULL,
  `ModelName` varchar(255) NOT NULL,
  `CreatedDate` datetime DEFAULT current_timestamp()
) ENGINE=InnoDB DEFAULT CHARSET=utf8mb4 COLLATE=utf8mb4_general_ci;

--
-- Dumping data for table `tb_m_model`
--

INSERT INTO `tb_m_model` (`ModelID`, `BrandID`, `ModelName`, `CreatedDate`) VALUES
(1, 1, 'Precision 7680 Mobile Workstation CTO', '2026-01-31 00:35:19'),
(2, 1, 'Latitude 3450, XCTO', '2026-01-31 00:36:24'),
(3, 4, 'U. Trust Anchor SE 1000 PCIe Card', '2026-01-31 00:37:05'),
(6, 2, 'C9200-24P', '2026-01-31 00:38:34'),
(8, 3, 'WiFi 5G/LTE D-LINK (DWR-U2100)', '2026-01-31 00:39:11'),
(10, 6, 'iMac 24\" with Retina 4.5K display', '2026-01-31 00:44:17'),
(11, 6, 'MacBook Pro 16-inch', '2026-01-31 00:44:17'),
(12, 2, '680 Black', '2026-03-09 15:11:14'),
(13, 1, 'Latitude 3430', '2026-04-03 09:38:33'),
(14, 1, 'Precision 7670 Mobile Workstation CTO', '2026-04-07 09:29:57'),
(15, 6, 'MacBook Air 13.6-inch', '2026-04-07 11:45:30');

-- --------------------------------------------------------

--
-- Table structure for table `tb_m_repairstatus`
--

CREATE TABLE `tb_m_repairstatus` (
  `RepairStatusID` int(11) NOT NULL,
  `StatusName` varchar(50) CHARACTER SET utf8 COLLATE utf8_general_ci DEFAULT NULL
) ENGINE=InnoDB DEFAULT CHARSET=utf8mb4 COLLATE=utf8mb4_general_ci;

--
-- Dumping data for table `tb_m_repairstatus`
--

INSERT INTO `tb_m_repairstatus` (`RepairStatusID`, `StatusName`) VALUES
(1, 'รอรับเรื่อง'),
(2, 'กำลังซ่อม'),
(3, 'ซ่อมเสร็จ'),
(4, 'ยกเลิก');

-- --------------------------------------------------------

--
-- Table structure for table `tb_m_type`
--

CREATE TABLE `tb_m_type` (
  `TypeID` int(11) NOT NULL,
  `TypeName` varchar(100) CHARACTER SET utf8 COLLATE utf8_general_ci DEFAULT NULL,
  `TypeImage` varchar(255) DEFAULT NULL
) ENGINE=InnoDB DEFAULT CHARSET=utf8mb4 COLLATE=utf8mb4_general_ci;

--
-- Dumping data for table `tb_m_type`
--

INSERT INTO `tb_m_type` (`TypeID`, `TypeName`, `TypeImage`) VALUES
(1, 'Computer', '1774598693856.png'),
(2, 'HSM', '1775537732090.jpg'),
(3, 'Pocket WiFi', '1775532314018.jpg'),
(4, 'Switch hub', '1775531642426.png'),
(8, 'Notebook', '1774598994687.jpg');

-- --------------------------------------------------------

--
-- Table structure for table `tb_t_borrowtransaction`
--

CREATE TABLE `tb_t_borrowtransaction` (
  `BorrowID` int(11) NOT NULL,
  `BorrowCode` varchar(30) NOT NULL,
  `EMPID` int(11) NOT NULL,
  `DVID` int(11) DEFAULT NULL,
  `BorrowDate` datetime NOT NULL DEFAULT current_timestamp(),
  `DueDate` date NOT NULL,
  `Purpose` varchar(255) DEFAULT NULL,
  `Location` varchar(255) DEFAULT NULL,
  `DepartmentID` int(11) DEFAULT NULL,
  `ReturnDate` datetime DEFAULT NULL,
  `BorrowStatusID` int(11) NOT NULL DEFAULT 1,
  `ApproveBy` int(11) DEFAULT NULL,
  `ApproveDate` datetime DEFAULT NULL,
  `Remark` varchar(255) DEFAULT NULL,
  `CreatedAt` datetime DEFAULT current_timestamp(),
  `UpdatedAt` datetime DEFAULT current_timestamp() ON UPDATE current_timestamp(),
  `ReturnBy` int(11) DEFAULT NULL COMMENT 'EMPID ผู้รับคืน',
  `IsUserViewed` tinyint(1) DEFAULT 0,
  `TypeID` int(11) DEFAULT NULL
) ENGINE=InnoDB DEFAULT CHARSET=utf8mb4 COLLATE=utf8mb4_general_ci;

--
-- Dumping data for table `tb_t_borrowtransaction`
--

INSERT INTO `tb_t_borrowtransaction` (`BorrowID`, `BorrowCode`, `EMPID`, `DVID`, `BorrowDate`, `DueDate`, `Purpose`, `Location`, `DepartmentID`, `ReturnDate`, `BorrowStatusID`, `ApproveBy`, `ApproveDate`, `Remark`, `CreatedAt`, `UpdatedAt`, `ReturnBy`, `IsUserViewed`, `TypeID`) VALUES
(1, 'BR17757165264000', 4, 130, '2026-04-09 13:35:26', '2026-04-15', '11', 'it', NULL, '2026-04-14 23:21:38', 4, 6, '2026-04-14 21:56:49', NULL, '2026-04-09 13:35:26', '2026-04-14 23:21:38', 6, 0, 8),
(2, 'BR17761837919590', 4, 135, '2026-04-14 23:23:11', '2026-04-17', '1111', 'kmutt', NULL, '2026-04-16 13:22:58', 4, 6, '2026-04-14 23:24:34', NULL, '2026-04-14 23:23:11', '2026-04-16 13:22:58', 6, 0, 8),
(3, 'BR17763206735200', 4, 146, '2026-04-16 13:24:33', '2026-04-17', '11', 'it', NULL, '2026-04-16 13:33:53', 4, 6, '2026-04-16 13:32:53', NULL, '2026-04-16 13:24:33', '2026-04-16 13:33:53', 6, 0, 8),
(4, 'BR17763305873410', 4, 150, '2026-04-16 16:09:47', '2026-04-21', '111', 'it', NULL, '2026-04-16 16:15:50', 4, 6, '2026-04-16 16:12:40', NULL, '2026-04-16 16:09:47', '2026-04-16 16:15:50', 6, 0, 8),
(5, 'BR17763309992720', 4, 146, '2026-04-16 16:16:39', '2026-04-17', 'qq', 'kmutt', NULL, '2026-04-16 16:20:52', 4, 6, '2026-04-16 16:17:20', NULL, '2026-04-16 16:16:39', '2026-04-16 16:20:52', 6, 0, 8),
(6, 'BR17763312691990', 4, NULL, '2026-04-16 16:21:09', '2026-04-17', '11', '11', NULL, NULL, 5, NULL, NULL, NULL, '2026-04-16 16:21:09', '2026-04-16 16:25:06', NULL, 0, 1),
(7, 'BR17763314484610', 4, NULL, '2026-04-16 16:24:08', '2026-04-17', '1', 'it', NULL, NULL, 5, NULL, NULL, NULL, '2026-04-16 16:24:08', '2026-04-16 16:25:02', NULL, 0, 8),
(8, 'BR17763352396730', 4, 154, '2026-04-16 17:27:19', '2026-04-17', '11', 'kmutt', NULL, '2026-04-16 17:45:02', 4, 6, '2026-04-16 17:27:57', NULL, '2026-04-16 17:27:19', '2026-04-16 17:45:02', 6, 0, 8),
(9, 'BR17763361299160', 4, 173, '2026-04-16 17:42:09', '2026-04-17', 'ss', 'it', NULL, '2026-04-16 21:14:50', 4, 6, '2026-04-16 17:42:46', NULL, '2026-04-16 17:42:09', '2026-04-16 21:14:50', 6, 0, 8),
(10, 'BR17763363448090', 4, 158, '2026-04-16 17:45:44', '2026-04-21', '11', 'kmutt', NULL, '2026-04-16 21:15:34', 4, 6, '2026-04-16 17:46:23', NULL, '2026-04-16 17:45:44', '2026-04-16 21:15:34', 6, 0, 8),
(11, 'BR17763656592710', 4, 176, '2026-04-17 01:54:19', '2026-04-17', '11', 'it', NULL, '2026-04-17 02:02:05', 4, 6, '2026-04-17 01:54:47', NULL, '2026-04-17 01:54:19', '2026-04-17 02:02:05', 6, 0, 8),
(12, 'BR17763662308680', 4, 482, '2026-04-17 02:03:50', '2026-04-17', 'www', 'it', NULL, '2026-04-17 14:59:52', 4, 6, '2026-04-17 02:04:13', NULL, '2026-04-17 02:03:50', '2026-04-17 14:59:52', 6, 0, 8),
(13, 'BR17764121570430', 4, NULL, '2026-04-17 14:49:17', '2026-04-19', '11', 'kmutt', NULL, NULL, 5, NULL, NULL, NULL, '2026-04-17 14:49:17', '2026-04-17 14:54:19', NULL, 0, 8),
(14, 'BR17764124692870', 4, NULL, '2026-04-17 14:54:29', '2026-04-18', '11', 'kmutt', NULL, NULL, 3, 6, '2026-04-17 15:07:00', 'ไม่ผ่านการอนุมัติจากหน่วยงาน', '2026-04-17 14:54:29', '2026-04-17 16:10:58', NULL, 1, 8),
(15, 'BR17764171894280', 4, 138, '2026-04-17 16:13:09', '2026-04-18', '11', 'it', NULL, '2026-04-17 16:34:36', 4, 6, '2026-04-17 16:14:23', NULL, '2026-04-17 16:13:09', '2026-04-17 16:34:36', 6, 0, 8),
(16, 'BR17764184092440', 4, NULL, '2026-04-17 16:33:29', '2026-04-19', '111', 'kmutt', NULL, NULL, 3, 6, '2026-04-17 16:38:28', 'อุปกรณ์ไม่พร้อมใช้งาน', '2026-04-17 16:33:29', '2026-04-17 16:54:32', NULL, 1, 8),
(17, 'BR17764184558790', 4, 475, '2026-04-17 16:34:15', '2026-04-27', '11', 'kmutt', NULL, '2026-04-17 17:25:08', 4, 6, '2026-04-17 16:35:03', NULL, '2026-04-17 16:34:15', '2026-04-17 17:25:08', 6, 0, 1),
(18, 'BR17764203126740', 4, NULL, '2026-04-17 17:05:12', '2026-04-18', '1', 'it', NULL, NULL, 5, NULL, NULL, NULL, '2026-04-17 17:05:12', '2026-04-17 17:05:21', NULL, 0, 8),
(19, 'BR17765195662870', 4, 159, '2026-04-18 20:39:26', '2026-04-19', '1', 'kmutt', NULL, '2026-04-18 20:52:04', 4, 6, '2026-04-18 20:39:50', NULL, '2026-04-18 20:39:26', '2026-04-18 20:52:04', 6, 0, 8),
(20, 'BR17765359742580', 4, NULL, '2026-04-19 01:12:54', '2026-04-21', 'ๅๅ', 'it', NULL, NULL, 5, NULL, NULL, NULL, '2026-04-19 01:12:54', '2026-04-19 01:39:52', NULL, 0, 8),
(21, 'BR17765996770970', 4, 136, '2026-04-19 18:54:37', '2026-04-20', 'ยืม', 'it', NULL, '2026-04-19 23:26:20', 4, 6, '2026-04-19 18:56:02', NULL, '2026-04-19 18:54:37', '2026-04-19 23:26:20', 6, 0, 8),
(22, 'BR17765996990680', 4, 474, '2026-04-19 18:54:59', '2026-04-20', 'ยืม', 'kmutt', NULL, '2026-04-19 23:49:32', 4, 6, '2026-04-19 18:55:56', NULL, '2026-04-19 18:54:59', '2026-04-19 23:49:32', 6, 0, 1),
(23, 'BR17766171090440', 4, NULL, '2026-04-19 23:45:09', '2026-04-20', 'ๅๅ', '11', NULL, NULL, 3, 6, '2026-04-19 23:48:38', 'อุปกรณ์ไม่พร้อมใช้งาน', '2026-04-19 23:45:09', '2026-04-19 23:48:38', NULL, 0, 8);

-- --------------------------------------------------------

--
-- Table structure for table `tb_t_device`
--

CREATE TABLE `tb_t_device` (
  `DeviceID` int(11) NOT NULL,
  `DeviceName` varchar(255) NOT NULL,
  `ModelID` int(11) DEFAULT NULL,
  `CategoryID` int(11) DEFAULT NULL,
  `BrandID` int(11) DEFAULT NULL,
  `TypeID` int(11) DEFAULT NULL,
  `DeviceImage` varchar(255) DEFAULT NULL,
  `Description` text DEFAULT NULL,
  `CreateDate` datetime DEFAULT current_timestamp(),
  `UpdatedDate` datetime DEFAULT current_timestamp() ON UPDATE current_timestamp()
) ENGINE=InnoDB DEFAULT CHARSET=utf8mb4 COLLATE=utf8mb4_general_ci;

--
-- Dumping data for table `tb_t_device`
--

INSERT INTO `tb_t_device` (`DeviceID`, `DeviceName`, `ModelID`, `CategoryID`, `BrandID`, `TypeID`, `DeviceImage`, `Description`, `CreateDate`, `UpdatedDate`) VALUES
(10, 'Notebook โน๊ตบุ๊ก', 13, 1, 1, 8, '9279a7f8410d156655b138036bb57871.png', '', '2026-04-03 09:41:51', '2026-04-03 09:42:37'),
(11, 'Notebook โน๊ตบุ๊ก', 1, 1, 1, 8, 'aebf4eaeaf8322f441bf62d8d742d848.png', '', '2026-04-07 09:19:57', '2026-04-07 09:31:42'),
(12, 'Notebook โน๊ตบุ๊ก', 14, 1, 1, 8, '99df882c7a7caf1300826b99d68feddf.png', '', '2026-04-07 09:32:19', '2026-04-07 09:32:19'),
(13, 'Notebook โน๊ตบุ๊ก', 2, 1, 1, 8, 'f64c2d786ce3b0c729c3183e35dc1989.jpg', '', '2026-04-07 09:58:08', '2026-04-07 09:58:08'),
(16, 'People_StationB1', 6, 11, 2, 4, '7b19ead6f05a52ad0ab02fefa0706c66.png', '', '2026-04-07 10:21:44', '2026-04-07 10:21:44'),
(17, 'Pocket WiFi', 8, 12, 3, 3, '20849284f5e51e5392cffbd93176d3a8.jpg', '', '2026-04-07 10:59:25', '2026-04-07 10:59:25'),
(18, 'iMAC', 10, 1, 6, 1, '9fe54b5fe5238ac74181a1c91e012cfc.jpg', '', '2026-04-07 11:28:36', '2026-04-07 11:28:36'),
(19, 'MACBOOK', 11, 1, 6, 8, '985a3d49e463af2c74941532d7aee4bd.png', '', '2026-04-07 11:40:03', '2026-04-07 11:40:03'),
(20, 'MACBOOK', 15, 1, 6, 8, 'af95f4d19351924f29bd11f136309347.png', '', '2026-04-07 11:47:08', '2026-04-07 11:47:08'),
(21, 'HSM PCIe Card for E-Signature', 3, 12, 4, 2, 'b9c5e434252c7a1b414b8752ea64c8f1.jpg', '', '2026-04-07 11:54:39', '2026-04-07 11:55:22');

-- --------------------------------------------------------

--
-- Table structure for table `tb_t_deviceadd`
--

CREATE TABLE `tb_t_deviceadd` (
  `DVID` int(11) NOT NULL,
  `AssetTag` varchar(255) DEFAULT NULL,
  `DeviceID` int(11) DEFAULT NULL,
  `DVStatusID` int(11) DEFAULT 1,
  `CreatedDate` datetime DEFAULT current_timestamp(),
  `UpdatedDate` datetime DEFAULT NULL,
  `CreatedBy` int(11) DEFAULT NULL,
  `SerialNumber` varchar(255) DEFAULT NULL,
  `ITCode` varchar(255) DEFAULT NULL,
  `BarcodeImage` varchar(255) DEFAULT NULL
) ENGINE=InnoDB DEFAULT CHARSET=utf8mb4 COLLATE=utf8mb4_general_ci;

--
-- Dumping data for table `tb_t_deviceadd`
--

INSERT INTO `tb_t_deviceadd` (`DVID`, `AssetTag`, `DeviceID`, `DVStatusID`, `CreatedDate`, `UpdatedDate`, `CreatedBy`, `SerialNumber`, `ITCode`, `BarcodeImage`) VALUES
(19, 'NB-1120', 10, 1, '2026-04-03 09:46:22', '2026-04-09 11:24:23', 6, '1XD4LS3', 'IT-20260219-0284', '749d4f2eee5fb55dfd683f31f2c2d860.png'),
(20, 'NB-1121', 10, 1, '2026-04-03 11:43:09', '2026-04-09 11:24:20', 6, '7FD4LS3', 'IT-20260219-0285', '622a5955fc5753612dcdbe0da93b2757.png'),
(128, 'NB-1122', 10, 1, '2026-04-03 14:59:21', '2026-04-03 15:06:11', 6, '5FD4LS3', 'IT-20260219-0286', 'e30a8231c4e9c41e1d80d852cc17a640.png'),
(129, 'NB-1123', 10, 1, '2026-04-03 14:59:21', '2026-04-03 15:06:45', 6, 'DPF4LS3', 'IT-20260219-0287', '6dd803a7be4afcbf2723df02244926f4.png'),
(130, 'NB-1124', 10, 1, '2026-04-03 14:59:21', '2026-04-19 17:46:16', 6, '4FD4LS3', 'IT-20260219-0288', '9475e8676b661cfb67d580fc1202a1b7.png'),
(131, 'NB-1125', 10, 1, '2026-04-03 14:59:21', '2026-04-03 15:08:13', 6, '9RF4LS3', 'IT-20260219-0289', 'c5c6b6cc1c795d06591b3dd5c5138dc0.png'),
(132, 'NB-1126', 10, 1, '2026-04-03 14:59:21', '2026-04-09 11:54:41', 6, 'BVD4LS3', 'IT-20260219-0290', 'be320830f381ffdface8b192f209e5bb.png'),
(133, 'NB-1127', 10, 1, '2026-04-03 14:59:21', '2026-04-03 15:08:54', 6, '5QF4LS3', 'IT-20260219-0291', '90accef9a10d275715f1d69dffc8ca77.png'),
(134, 'NB-1128', 10, 1, '2026-04-03 14:59:21', '2026-04-03 15:09:16', 6, '3FD4LS3', 'IT-20260219-0292', '70d361a791740c4d166de3ae83daa105.png'),
(135, 'NB-1129', 10, 1, '2026-04-03 14:59:21', '2026-04-16 13:22:58', 6, '5XD4LS3', 'IT-20260219-0293', '3660b11625bce44b23c2b328fe6befe3.png'),
(136, 'NB-1130', 10, 1, '2026-04-03 14:59:21', '2026-04-19 23:26:20', 6, 'FVD4LS3', 'IT-20260219-0294', '620a8f3bdb03d3d52ba272d15a99a18d.png'),
(137, 'NB-1131', 10, 1, '2026-04-03 14:59:21', '2026-04-03 15:11:19', 6, 'BQF4LS3', 'IT-20260219-0295', '5bf8d7228f0b8b44aa83d4b367538be7.png'),
(138, 'NB-1132', 10, 1, '2026-04-03 14:59:21', '2026-04-19 23:25:48', 6, '6QF4LS3', 'IT-20260219-0296', '8c96cdaefcb7a257f16eede96adbcba3.png'),
(139, 'NB-1133', 10, 1, '2026-04-03 14:59:21', '2026-04-03 15:12:17', 6, 'DVD4LS3', 'IT-20260219-0297', 'a9e8d3cf80b9d469188977a6fa4ab4f7.png'),
(140, 'NB-1134', 10, 1, '2026-04-03 14:59:21', '2026-04-03 15:12:46', 6, '3QF4LS3', 'IT-20260219-0298', '71abc8a991158ac88964209c62367fb4.png'),
(141, 'NB-1135', 10, 1, '2026-04-03 14:59:21', '2026-04-03 15:13:10', 6, '8QF4LS3', 'IT-20260219-0299', '7a36bf4b664d3762a4bc7e1f55089adb.png'),
(142, 'NB-1136', 10, 1, '2026-04-03 14:59:21', '2026-04-03 15:15:08', 6, 'CQF4LS3', 'IT-20260219-0300', 'd7226b9664437e522165d2c2bac701df.png'),
(143, 'NB-1137', 10, 1, '2026-04-03 14:59:21', '2026-04-03 15:16:03', 6, '8PF4LS3', 'IT-20260219-0301', 'f58ab7b34bbe475905dda71a87f5d3c2.png'),
(144, 'NB-1138', 10, 1, '2026-04-03 14:59:21', '2026-04-03 15:16:28', 6, 'GVD4LS3', 'IT-20260219-0302', '61aa045c9674748554aa5699a54b4bb3.png'),
(145, 'NB-1139', 10, 1, '2026-04-03 14:59:21', '2026-04-18 21:16:53', 6, '6VD4LS3', 'IT-20260219-0303', '91ee1c560b7786d7d5b0083b10f6e97f.png'),
(146, 'NB-1140', 10, 1, '2026-04-03 14:59:21', '2026-04-16 16:20:52', 6, '3WD4LS3', 'IT-20260219-0304', '17c5a0643eddcb4b68fd306b0d4f9e95.png'),
(147, 'NB-1141', 10, 1, '2026-04-03 14:59:21', '2026-04-03 15:18:30', 6, 'CY0S8X3', 'IT-20260219-0305', '25346bb1cfcf802b24defde5f323dc9d.png'),
(148, 'NB-1142', 10, 1, '2026-04-03 14:59:21', '2026-04-03 15:19:03', 6, '2XD4LS3', 'IT-20260219-0306', 'd8f5191427da57a9229a0809ac78d9b4.png'),
(149, 'NB-1143', 10, 1, '2026-04-03 14:59:21', '2026-04-03 15:19:41', 6, '9PF4LS3', 'IT-20260219-0307', '2f5069cf4befcd10b724710cc77b6d76.png'),
(150, 'NB-1144', 10, 1, '2026-04-03 14:59:21', '2026-04-16 16:15:50', 6, '1RF4LS3', 'IT-20260219-0308', '49e62107e8f85fc61c8bf4ae147f6e0e.png'),
(151, 'NB-1145', 10, 1, '2026-04-03 14:59:21', '2026-04-07 09:05:08', 6, 'FNF4LS3', 'IT-20260219-0309', '4a532019eea6e64e8f7af3e71f8e144b.png'),
(152, 'NB-1146', 10, 1, '2026-04-03 14:59:21', '2026-04-03 15:20:51', 6, 'FPF4LS3', 'IT-20260219-0310', 'f6ddb11b30e5d3c38130c31b03e4b4a8.png'),
(153, 'NB-1147', 10, 1, '2026-04-03 14:59:21', '2026-04-03 15:21:35', 6, '2PF4LS3', 'IT-20260219-0311', 'fa4b2422c9820c64266445b4749b903b.png'),
(154, 'NB-1148', 10, 1, '2026-04-03 14:59:21', '2026-04-16 17:45:02', 6, 'DTD4LS3', 'IT-20260219-0312', '4825bf917038f584fed3d4e98fddb0f8.png'),
(155, 'NB-1149', 10, 1, '2026-04-03 14:59:21', '2026-04-03 15:22:32', 6, '2RF4LS3', 'IT-20260219-0313', '8dc00b0fa8f1e7aa78ef21e88655bebd.png'),
(156, 'NB-1150', 10, 1, '2026-04-03 14:59:21', '2026-04-03 15:23:03', 6, '8VD4LS3', 'IT-20260219-0314', '430ac625d92b34fad0922c479f33d5e2.png'),
(157, 'NB-1151', 10, 1, '2026-04-03 14:59:21', '2026-04-03 15:23:37', 6, 'GQF4LS3', 'IT-20260219-0315', '48a358e6f8e82a3a7615c047cefe81c9.png'),
(158, 'NB-1153', 10, 1, '2026-04-03 14:59:21', '2026-04-16 21:15:34', 6, '9QF4LS3', 'IT-20260219-0316', 'cb2188d3017c6318c1dd3c024e5fa098.png'),
(159, 'NB-1154', 10, 1, '2026-04-03 14:59:21', '2026-04-19 23:26:01', 6, '7VD4LS3', 'IT-20260219-0317', '9c9f362a41f298d6355d882bd5449044.png'),
(160, 'NB-1155', 10, 1, '2026-04-03 14:59:21', '2026-04-03 15:25:32', 6, 'JWD4LS3', 'IT-20260219-0318', '389abfb13ea8d33fc5e00863256287cb.png'),
(161, 'NB-1156', 10, 1, '2026-04-03 14:59:21', '2026-04-03 15:26:03', 6, '6PF4LS3', 'IT-20260219-0319', 'fdf48a691bffc042a77183d44352dcb1.png'),
(162, 'NB-1157', 10, 1, '2026-04-03 14:59:21', '2026-04-03 16:45:59', 6, '4PF4LS3', 'IT-20260219-0320', '12f79a2a97b5d2599a175522e0bc4421.png'),
(163, 'NB-1158', 10, 1, '2026-04-03 14:59:21', '2026-04-03 15:26:58', 6, 'BPF4LS3', 'IT-20260219-0321', 'e5f6e43b2fcbbaa00a1f495ca479f9db.png'),
(164, 'NB-1159', 10, 1, '2026-04-03 14:59:21', '2026-04-03 15:27:23', 6, '3XD4LS3', 'IT-20260219-0322', '96589bb44614d462c6f6e4779551d9d3.png'),
(165, 'NB-1161', 10, 1, '2026-04-03 14:59:21', '2026-04-03 15:27:49', 6, 'JPF4LS3', 'IT-20260219-0323', 'c59991c645199ded52cf177496cad7d7.png'),
(166, 'NB-1162', 10, 1, '2026-04-03 14:59:21', '2026-04-03 15:28:10', 6, 'GWD4LS3', 'IT-20260219-0324', 'af6ae6e2aabe37bb622ea888bb6554a5.png'),
(167, 'NB-1163', 10, 1, '2026-04-03 14:59:21', '2026-04-03 15:28:34', 6, '9WD4LS3', 'IT-20260219-0325', '5725864178c6a7f609f0edbd5ff7b6c0.png'),
(168, 'NB-1164', 10, 1, '2026-04-03 14:59:21', '2026-04-03 15:29:00', 6, '5PF4LS3', 'IT-20260219-0326', 'c762d6e684b4c7847bd8f9e0ae125a9e.png'),
(169, 'NB-1165', 10, 1, '2026-04-03 14:59:21', '2026-04-03 15:29:20', 6, 'HNF4LS3', 'IT-20260219-0327', '1015a6fccef096332fd68b8c6585fe1c.png'),
(170, 'NB-1166', 10, 1, '2026-04-03 14:59:21', '2026-04-03 15:29:45', 6, 'GPF4LS3', 'IT-20260219-0328', 'ea5722b424b3ede43e61fe3a3c339d53.png'),
(171, 'NB-1167', 10, 1, '2026-04-03 14:59:21', '2026-04-03 15:30:07', 6, 'JQF4LS3', 'IT-20260219-0329', '57d139878ce35e22a42320c4135866ce.png'),
(172, 'NB-1168', 10, 1, '2026-04-03 14:59:21', '2026-04-03 15:30:29', 6, 'HQF4LS3', 'IT-20260219-0330', '5d0e5e725b419db5743482d7208874c1.png'),
(173, 'NB-1169', 10, 1, '2026-04-03 14:59:21', '2026-04-16 21:14:50', 6, '2QF4LS3', 'IT-20260219-0331', 'c8860c19c0c120896b2f1628b5b841bd.png'),
(174, 'NB-1170', 10, 1, '2026-04-03 14:59:21', '2026-04-03 15:31:28', 6, '9TD4LS3', 'IT-20260219-0332', '1d5a33feee17b578711d70a60857288a.png'),
(175, 'NB-1171', 10, 1, '2026-04-03 14:59:21', '2026-04-03 15:31:45', 6, '7RF4LS3', 'IT-20260219-0333', 'a5c1ab35b38edc0bed25a36f76c8502e.png'),
(176, 'NB-1172', 10, 1, '2026-04-03 14:59:21', '2026-04-19 17:48:06', 6, 'DWD4LS3', 'IT-20260219-0334', '7e1308f65b2881d9f5fb5544056175da.png'),
(177, 'NB-1173', 10, 1, '2026-04-03 14:59:21', '2026-04-03 15:32:55', 6, 'CVD4LS3', 'IT-20260219-0335', 'a3f5366555c9995285dd7b5e306437a4.png'),
(178, 'NB-1174', 10, 1, '2026-04-03 14:59:21', '2026-04-03 15:33:26', 6, 'FWD4LS3', 'IT-20260219-0336', '4830271e00a2fb04a363c698dd6dbcb4.png'),
(179, 'NB-1175', 10, 1, '2026-04-03 14:59:21', '2026-04-03 15:33:41', 6, '7QF4LS3', 'IT-20260219-0337', '183b834871dea4a68d110fab40bcebf3.png'),
(180, 'NB-1176', 10, 1, '2026-04-03 14:59:21', '2026-04-03 15:34:00', 6, 'HWD4LS3', 'IT-20260219-0338', 'fc9906457d08e420ca9b4593c79bfccb.png'),
(181, 'NB-1177', 10, 1, '2026-04-03 14:59:21', '2026-04-03 15:34:22', 6, '7PF4LS3', 'IT-20260219-0339', 'b699cf48815bde28a53af6f232d0ebb0.png'),
(182, 'NB-1178', 10, 1, '2026-04-03 14:59:21', '2026-04-03 15:34:43', 6, 'GNF4LS3', 'IT-20260219-0340', '337f6015d87a9055bbf79fd39cd6680f.png'),
(183, 'NB-1179', 10, 1, '2026-04-03 14:59:21', '2026-04-03 15:35:02', 6, '1PF4LS3', 'IT-20260219-0341', 'a5a6748ab3fdce9bbbdd27acf08b7d22.png'),
(184, 'NB-1180', 10, 1, '2026-04-03 14:59:21', '2026-04-03 15:35:30', 6, '3PF4LS3', 'IT-20260219-0342', '5c91438f3452e270e556d1721e7a8fd3.png'),
(185, 'NB-1181', 10, 1, '2026-04-03 14:59:21', '2026-04-03 15:36:11', 6, 'JNF4LS3', 'IT-20260219-0343', '563041241284b0fd6c22ed702061ee3a.png'),
(186, 'NB-1182', 10, 1, '2026-04-03 14:59:21', '2026-04-03 15:36:47', 6, '5RF4LS3', 'IT-20260219-0344', '8b57aecb561980c82b4c2a805ea555e4.png'),
(187, 'NB-1183', 10, 1, '2026-04-03 14:59:21', '2026-04-03 15:37:15', 6, '7WD4LS3', 'IT-20260219-0345', '791a909d900e2128d9e64969c4d302cd.png'),
(188, 'NB-1184', 10, 1, '2026-04-03 14:59:21', '2026-04-03 15:37:30', 6, 'CWD4LS3', 'IT-20260219-0346', '6d4213da608682b5ed346b4525e98f53.png'),
(189, 'NB-1185', 10, 1, '2026-04-03 14:59:21', '2026-04-03 15:38:36', 6, '2FD4LS3', 'IT-20260219-0347', '8b2a8e121214225eeb7785479210e347.png'),
(190, 'NB-1186', 10, 1, '2026-04-03 14:59:21', '2026-04-03 15:39:00', 6, '4QF4LS3', 'IT-20260219-0348', '57e45f9d79a42b61adcdd28109c57da5.png'),
(191, 'NB-1187', 10, 1, '2026-04-03 14:59:21', '2026-04-03 15:38:01', 6, '1QF4LS3', 'IT-20260219-0349', 'ebf153586d0ce8df75eb0f3497ea4f9d.png'),
(192, 'NB-1188', 10, 1, '2026-04-03 14:59:21', '2026-04-03 15:39:48', 6, 'HPF4LS3', 'IT-20260219-0350', '96b1f5dd2ec7087b6bbf59664501069f.png'),
(193, 'NB-1189', 10, 1, '2026-04-03 14:59:21', '2026-04-03 15:40:05', 6, 'JVD4LS3', 'IT-20260219-0351', '245838a2d04aa4f96299224f2c496a53.png'),
(194, 'NB-1190', 10, 1, '2026-04-03 14:59:21', '2026-04-03 15:40:22', 6, 'FQF4LS3', 'IT-20260219-0352', 'a1c7afe9674416a22c2534449cc1f2f3.png'),
(195, 'NB-1191', 10, 1, '2026-04-03 14:59:21', '2026-04-03 15:40:40', 6, '4VD4LS3', 'IT-20260219-0353', '8aaffc32ebc6607749133cfbac26e6bb.png'),
(196, 'NB-1192', 10, 1, '2026-04-03 14:59:21', '2026-04-03 15:41:02', 6, 'BTD4LS3', 'IT-20260219-0354', '420a2253b9c227cdcb02208a3eb4d32d.png'),
(197, 'NB-1193', 10, 1, '2026-04-03 14:59:21', '2026-04-03 15:41:27', 6, 'DRF4LS3', 'IT-20260219-0355', 'c8823be21bb1a1bf471365341b7cc59d.png'),
(198, 'NB-1194', 10, 1, '2026-04-03 14:59:21', '2026-04-03 17:18:01', 6, '3VD4LS3', 'IT-20260219-0356', '7285179b40aa50354a6a36d6b0701f64.png'),
(199, 'NB-1195', 10, 1, '2026-04-03 14:59:21', '2026-04-03 15:42:22', 6, '4TD4LS3', 'IT-20260219-0357', '0b795d1f8f2ed5027e351cd767fccf70.png'),
(200, 'NB-1196', 10, 1, '2026-04-03 14:59:21', '2026-04-03 15:42:55', 6, '3RF4LS3', 'IT-20260219-0358', '6a727ab5affd2f61eb68aef2de3a50c5.png'),
(201, 'NB-1197', 10, 1, '2026-04-03 14:59:21', '2026-04-03 15:43:54', 6, '9VD4LS3', 'IT-20260219-0359', 'd9db35a6eba8a263c848fba083203dc8.png'),
(202, 'NB-1198', 10, 1, '2026-04-03 14:59:21', '2026-04-03 15:44:58', 6, 'GTD4LS3', 'IT-20260219-0360', '53a869b2b4073bdc141df14abade02cd.png'),
(203, 'NB-1199', 10, 1, '2026-04-03 14:59:21', '2026-04-03 15:45:24', 6, 'BWD4LS3', 'IT-20260219-0361', '6d7a5b711943522d4d84f64100123006.png'),
(204, 'NB-1200', 10, 1, '2026-04-03 14:59:21', '2026-04-03 15:45:44', 6, '9FD4LS3', 'IT-20260219-0362', 'f7e0d523b2dee3c49ae981a7068abbd7.png'),
(205, 'NB-1201', 10, 1, '2026-04-03 14:59:21', '2026-04-03 15:46:09', 6, 'BRF4LS3', 'IT-20260219-0363', 'd12ee742d21e5ade63eb9f798269a410.png'),
(206, 'NB-1202', 10, 1, '2026-04-03 14:59:21', '2026-04-03 15:46:23', 6, '6TD4LS3', 'IT-20260219-0364', '7271ed7e1de0690c8e685a1e3976284d.png'),
(207, 'NB-1203', 10, 1, '2026-04-03 14:59:21', '2026-04-03 17:47:58', 6, NULL, 'IT-20260219-0365', '933ef677f187e446329d76d33a13c2f8.png'),
(208, 'NB-1204', 10, 1, '2026-04-03 14:59:21', '2026-04-03 15:48:07', 6, '5VD4LS3', 'IT-20260219-0366', 'b7336d5ce32ed1b0f6865db8afae3a77.png'),
(209, 'NB-1205', 10, 1, '2026-04-03 14:59:21', '2026-04-03 15:48:28', 6, 'JTD4LS3', 'IT-20260219-0367', 'a5fb9ad301b6dc6dd8dc40ef3543a4d2.png'),
(210, 'NB-1206', 10, 1, '2026-04-03 14:59:21', '2026-04-03 15:48:49', 6, '5WD4LS3', 'IT-20260219-0368', '6a2aab2a0725b983829df721987be182.png'),
(211, 'NB-1207', 10, 1, '2026-04-03 14:59:21', '2026-04-03 15:44:37', 6, '4RF4LS3', 'IT-20260219-0369', '907682ce5f4b217cf23cb17e5c03a3ac.png'),
(212, 'NB-1208', 10, 1, '2026-04-03 14:59:21', '2026-04-03 15:49:19', 6, '5TD4LS3', 'IT-20260219-0370', '8f6a58f23bb902ad1993ccf2d0f75fca.png'),
(213, 'NB-1209', 10, 1, '2026-04-03 14:59:21', '2026-04-03 15:49:36', 6, '1FD4LS3', 'IT-20260219-0371', 'eb46aed89a53ed44a74119741dce7594.png'),
(214, 'NB-1210', 10, 1, '2026-04-03 14:59:21', '2026-04-03 15:49:57', 6, '8WD4LS3', 'IT-20260219-0372', '6f4f311faf001a68d594c21f58c633b6.png'),
(215, 'NB-1211', 10, 1, '2026-04-03 14:59:21', '2026-04-03 15:50:21', 6, '4XD4LS3', 'IT-20260219-0373', '305b984429932c297ddf7f5474c4931f.png'),
(216, 'NB-1212', 10, 1, '2026-04-03 14:59:21', '2026-04-03 15:50:59', 6, 'CTD4LS3', 'IT-20260219-0374', '17e2143bdc45d0977edb8ba2738574a0.png'),
(217, 'NB-1213', 10, 1, '2026-04-03 14:59:21', '2026-04-03 15:51:58', 6, '1VD4LS3', 'IT-20260219-0375', '35a6cabb57b8ccc997df63f76a7936ce.png'),
(218, 'NB-1214', 10, 1, '2026-04-03 14:59:21', '2026-04-03 15:52:20', 6, '8FD4LS3', 'IT-20260219-0376', '5e84cda31888cf8644369eb89d35c352.png'),
(219, 'NB-1215', 10, 1, '2026-04-03 14:59:21', '2026-04-03 15:52:52', 6, '6RF4LS3', 'IT-20260219-0377', '77307da289c7ac1a43470634eb1a6560.png'),
(220, 'NB-1216', 10, 1, '2026-04-03 14:59:21', '2026-04-03 15:53:30', 6, '7TD4LS3', 'IT-20260219-0378', '499586d43f9018fb18a8c6166b3b30fe.png'),
(221, 'NB-1217', 10, 1, '2026-04-03 14:59:21', '2026-04-03 15:53:59', 6, '8RF4LS3', 'IT-20260219-0379', 'c948b655aef756036ce1837020b3b71e.png'),
(222, 'NB-1218', 10, 1, '2026-04-03 14:59:21', '2026-04-03 15:54:18', 6, 'DQF4LS3', 'IT-20260219-0380', '1f99a04011e61575053239ffcac9eb82.png'),
(223, 'NB-1219', 10, 1, '2026-04-03 14:59:21', '2026-04-03 16:44:24', 6, '-', 'IT-20260219-0381', 'b682b0daa57e82f5ddfcc5f845872795.png'),
(224, 'NB-1220', 10, 1, '2026-04-03 14:59:21', '2026-04-03 15:55:40', 6, 'CNF4LS3', 'IT-20260219-0382', 'a423d8c468812fcad4f19987b164da69.png'),
(225, 'NB-1221', 10, 1, '2026-04-03 14:59:21', '2026-04-03 15:56:19', 6, 'DNF4LS3', 'IT-20260219-0383', 'ddd5056e7ca2c7a9e285d68574beb606.png'),
(226, 'NB-1222', 10, 1, '2026-04-03 14:59:21', '2026-04-03 15:56:59', 6, 'HVD4LS3', 'IT-20260219-0384', 'f7bc5bdaf20eaea48e36a582d108f9c4.png'),
(227, 'NB-1223', 10, 1, '2026-04-03 14:59:21', '2026-04-03 15:57:19', 6, '1WD4LS3', 'IT-20260219-0385', 'df16ad4f3c9543b6a4956c6a02f3c1e0.png'),
(228, 'NB-1224', 10, 1, '2026-04-03 14:59:21', '2026-04-03 15:57:40', 6, '6FD4LS3', 'IT-20260219-0386', 'fcd9f848da50d5c1514cb5d3c1abd210.png'),
(229, 'NB-1225', 10, 1, '2026-04-03 14:59:21', '2026-04-03 15:57:55', 6, '8BXRTV3', 'IT-20260219-0387', '6877b1acbc03a136d4ca3d8f53285a66.png'),
(230, 'NB-1226', 10, 1, '2026-04-03 14:59:21', '2026-04-03 15:58:14', 6, 'CRF4LS3', 'IT-20260219-0388', '6b0fdd64933fe17498fc57a63758b4fb.png'),
(231, 'NB-1227', 10, 1, '2026-04-03 14:59:21', '2026-04-03 15:58:36', 6, '4WD4LS3', 'IT-20260219-0389', 'd1e8188588d87f2e503de376f39197e1.png'),
(232, 'NB-1228', 10, 1, '2026-04-03 14:59:21', '2026-04-03 15:59:11', 6, '2WD4LS3', 'IT-20260219-0390', 'c611bbc1bb9a225c38dbf330e5ce8795.png'),
(238, 'NB-1463', 11, 1, '2026-04-07 09:27:12', NULL, 6, '18W2184', 'IT-20260219-0577', NULL),
(239, 'NB-1464', 11, 1, '2026-04-07 09:27:12', NULL, 6, '27W2184', 'IT-20260219-0578', NULL),
(240, 'NB-1465', 11, 1, '2026-04-07 09:27:12', NULL, 6, '29W2184', 'IT-20260219-0579', NULL),
(241, 'NB-1466', 11, 1, '2026-04-07 09:27:12', NULL, 6, '2BW2184', 'IT-20260219-0580', NULL),
(242, 'NB-1467', 11, 1, '2026-04-07 09:27:12', NULL, 6, '2MV2184', 'IT-20260219-0581', NULL),
(243, 'NB-1468', 11, 1, '2026-04-07 09:27:12', NULL, 6, '3ZR2184', 'IT-20260219-0582', NULL),
(244, 'NB-1469', 11, 1, '2026-04-07 09:27:12', NULL, 6, '5NS2184', 'IT-20260219-0583', NULL),
(245, 'NB-1470', 11, 1, '2026-04-07 09:27:12', NULL, 6, '62S2184', 'IT-20260219-0584', NULL),
(246, 'NB-1471', 11, 1, '2026-04-07 09:27:12', NULL, 6, '65W2184', 'IT-20260219-0585', NULL),
(247, 'NB-1472', 11, 1, '2026-04-07 09:27:12', NULL, 6, '6DW2184', 'IT-20260219-0586', NULL),
(248, 'NB-1473', 11, 1, '2026-04-07 09:27:12', NULL, 6, '7JT2184', 'IT-20260219-0587', NULL),
(249, 'NB-1474', 11, 1, '2026-04-07 09:27:12', NULL, 6, '7MV2184', 'IT-20260219-0588', NULL),
(250, 'NB-1475', 11, 1, '2026-04-07 09:27:12', NULL, 6, '7ZT2184', 'IT-20260219-0589', NULL),
(251, 'NB-1476', 11, 1, '2026-04-07 09:27:12', NULL, 6, '85W2184', 'IT-20260219-0590', NULL),
(252, 'NB-1477', 11, 1, '2026-04-07 09:27:12', NULL, 6, '87P3184', 'IT-20260219-0591', NULL),
(253, 'NB-1478', 11, 1, '2026-04-07 09:27:12', NULL, 6, '8YT2184', 'IT-20260219-0592', NULL),
(254, 'NB-1479', 11, 1, '2026-04-07 09:27:12', NULL, 6, '96W2184', 'IT-20260219-0593', NULL),
(255, 'NB-1480', 11, 1, '2026-04-07 09:27:12', NULL, 6, '98W2184', 'IT-20260219-0594', NULL),
(256, 'NB-1481', 11, 1, '2026-04-07 09:27:12', NULL, 6, '9KS2184', 'IT-20260219-0595', NULL),
(257, 'NB-1482', 11, 1, '2026-04-07 09:27:12', NULL, 6, '9LT2184', 'IT-20260219-0596', NULL),
(258, 'NB-1483', 11, 1, '2026-04-07 09:27:12', NULL, 6, 'B6S2184', 'IT-20260219-0597', NULL),
(259, 'NB-1484', 11, 1, '2026-04-07 09:27:12', NULL, 6, 'C6W2184', 'IT-20260219-0598', NULL),
(260, 'NB-1485', 11, 1, '2026-04-07 09:27:12', NULL, 6, 'CBW2184', 'IT-20260219-0599', NULL),
(261, 'NB-1486', 11, 1, '2026-04-07 09:27:12', NULL, 6, 'FSX2184', 'IT-20260219-0600', NULL),
(262, 'NB-1487', 11, 1, '2026-04-07 09:27:12', NULL, 6, 'G6W2184', 'IT-20260219-0601', NULL),
(263, 'NB-1488', 11, 1, '2026-04-07 09:27:12', NULL, 6, 'G8S2184', 'IT-20260219-0602', NULL),
(264, 'NB-1489', 11, 1, '2026-04-07 09:27:12', NULL, 6, 'H7W2184', 'IT-20260219-0603', NULL),
(265, 'NB-1490', 11, 1, '2026-04-07 09:27:12', NULL, 6, 'JCW2184', 'IT-20260219-0604', NULL),
(266, 'NB-1491', 11, 1, '2026-04-07 09:27:12', NULL, 6, 'JLV2184', 'IT-20260219-0605', NULL),
(267, 'NB-1492', 11, 1, '2026-04-07 09:27:12', NULL, 6, 'JPN3184', 'IT-20260219-0606', NULL),
(268, 'NB-1229', 12, 1, '2026-04-07 09:33:17', NULL, 6, 'HTMSTV3', 'IT-20260219-0391', '37399a03076236b6939c78a36637de18.png'),
(269, 'NB-1230', 12, 1, '2026-04-07 09:36:57', NULL, 6, '46N0SV3', 'IT-20260219-0392', NULL),
(270, 'NB-1231', 12, 1, '2026-04-07 09:36:57', NULL, 6, '10CSTV3', 'IT-20260219-0393', NULL),
(271, 'NB-1232', 12, 1, '2026-04-07 09:36:57', NULL, 6, '3F30SV3', 'IT-20260219-0394', NULL),
(272, 'NB-1234', 12, 1, '2026-04-07 09:36:57', NULL, 6, '35N0SV3', 'IT-20260219-0395', NULL),
(273, 'NB-1235', 12, 1, '2026-04-07 09:36:57', NULL, 6, 'BMG0SV3', 'IT-20260219-0396', NULL),
(274, 'NB-1236', 12, 1, '2026-04-07 09:36:57', NULL, 6, 'G83STV3', 'IT-20260219-0397', NULL),
(275, 'NB-1237', 12, 1, '2026-04-07 09:36:57', NULL, 6, '3BN0SV3', 'IT-20260219-0398', NULL),
(276, 'NB-1238', 12, 1, '2026-04-07 09:36:57', NULL, 6, '5HXRTV3', 'IT-20260219-0399', NULL),
(277, 'NB-1239', 12, 1, '2026-04-07 09:36:57', NULL, 6, 'BY80SV3', 'IT-20260219-0400', NULL),
(278, 'NB-1240', 12, 1, '2026-04-07 09:36:57', NULL, 6, 'B0NSTV3', 'IT-20260219-0401', NULL),
(279, 'NB-1241', 12, 1, '2026-04-07 09:36:57', NULL, 6, '7690SV3', 'IT-20260219-0402', NULL),
(280, 'NB-1242', 12, 1, '2026-04-07 09:36:57', NULL, 6, '67HSTV3', 'IT-20260219-0403', NULL),
(281, 'NB-1243', 12, 1, '2026-04-07 09:36:57', NULL, 6, 'D3N0SV3', 'IT-20260219-0404', NULL),
(282, 'NB-1244', 12, 1, '2026-04-07 09:36:57', NULL, 6, '721TTV3', 'IT-20260219-0405', NULL),
(283, 'NB-1245', 12, 1, '2026-04-07 09:36:57', NULL, 6, 'D3CSTV3', 'IT-20260219-0406', NULL),
(284, 'NB-1246', 12, 1, '2026-04-07 09:36:57', NULL, 6, '1JG0SV3', 'IT-20260219-0407', NULL),
(285, 'NB-1247', 12, 1, '2026-04-07 09:36:57', NULL, 6, '5G30SV3', 'IT-20260219-0408', NULL),
(286, 'NB-1248', 12, 1, '2026-04-07 09:36:57', NULL, 6, '267STV3', 'IT-20260219-0409', NULL),
(287, 'NB-1249', 12, 1, '2026-04-07 09:36:57', NULL, 6, '4YZ0SV3', 'IT-20260219-0410', NULL),
(288, 'NB-1250', 12, 1, '2026-04-07 09:36:57', NULL, 6, 'DVZ0SV3', 'IT-20260219-0411', NULL),
(289, 'NB-1251', 12, 1, '2026-04-07 09:36:57', NULL, 6, '8H30SV3', 'IT-20260219-0412', NULL),
(290, 'NB-1252', 12, 1, '2026-04-07 09:36:57', NULL, 6, '6790SV3', 'IT-20260219-0413', NULL),
(291, 'NB-1253', 12, 1, '2026-04-07 09:36:57', NULL, 6, 'JTZ0SV3', 'IT-20260219-0414', NULL),
(292, 'NB-1301', 13, 1, '2026-04-07 09:58:46', NULL, 6, '1CYPR74', 'IT-20260219-0415', 'd790f9ac56a49a0ac2c571a7d6509fab.png'),
(293, 'NB-1302', 13, 1, '2026-04-07 10:06:46', NULL, 6, '1SYPR74', 'IT-20260219-0416', NULL),
(294, 'NB-1303', 13, 1, '2026-04-07 10:06:46', NULL, 6, '1TYPR74', 'IT-20260219-0417', NULL),
(295, 'NB-1304', 13, 1, '2026-04-07 10:06:46', NULL, 6, '2RYPR74', 'IT-20260219-0418', NULL),
(296, 'NB-1305', 13, 1, '2026-04-07 10:06:46', NULL, 6, '2SYPR74', 'IT-20260219-0419', NULL),
(297, 'NB-1306', 13, 1, '2026-04-07 10:06:46', NULL, 6, '2TYPR74', 'IT-20260219-0420', NULL),
(298, 'NB-1307', 13, 1, '2026-04-07 10:06:46', NULL, 6, '3CYPR74', 'IT-20260219-0421', NULL),
(299, 'NB-1308', 13, 1, '2026-04-07 10:06:46', NULL, 6, '3RYPR74', 'IT-20260219-0422', NULL),
(300, 'NB-1309', 13, 1, '2026-04-07 10:06:46', NULL, 6, '3SYPR74', 'IT-20260219-0423', NULL),
(301, 'NB-1310', 13, 1, '2026-04-07 10:06:46', NULL, 6, '3TYPR74', 'IT-20260219-0424', NULL),
(302, 'NB-1311', 13, 1, '2026-04-07 10:06:46', NULL, 6, '4FYPR74', 'IT-20260219-0425', NULL),
(303, 'NB-1312', 13, 1, '2026-04-07 10:06:46', NULL, 6, '4RYPR74', 'IT-20260219-0426', NULL),
(304, 'NB-1313', 13, 1, '2026-04-07 10:06:46', NULL, 6, '4SYPR74', 'IT-20260219-0427', NULL),
(305, 'NB-1314', 13, 1, '2026-04-07 10:06:46', NULL, 6, '4TYPR74', 'IT-20260219-0428', NULL),
(306, 'NB-1315', 13, 1, '2026-04-07 10:06:46', NULL, 6, '5SYPR74', 'IT-20260219-0429', NULL),
(307, 'NB-1316', 13, 1, '2026-04-07 10:06:46', NULL, 6, '5TYPR74', 'IT-20260219-0430', NULL),
(308, 'NB-1317', 13, 1, '2026-04-07 10:06:46', NULL, 6, '6FYPR74', 'IT-20260219-0431', NULL),
(309, 'NB-1318', 13, 1, '2026-04-07 10:06:46', NULL, 6, '6SYPR74', 'IT-20260219-0432', NULL),
(310, 'NB-1319', 13, 1, '2026-04-07 10:06:46', NULL, 6, '6TYPR74', 'IT-20260219-0433', NULL),
(311, 'NB-1320', 13, 1, '2026-04-07 10:06:46', NULL, 6, '7DYPR74', 'IT-20260219-0434', NULL),
(312, 'NB-1321', 13, 1, '2026-04-07 10:06:46', NULL, 6, '7FYPR74', 'IT-20260219-0435', NULL),
(313, 'NB-1322', 13, 1, '2026-04-07 10:06:46', NULL, 6, '7SYPR74', 'IT-20260219-0436', NULL),
(314, 'NB-1323', 13, 1, '2026-04-07 10:06:46', NULL, 6, '7TYPR74', 'IT-20260219-0437', NULL),
(315, 'NB-1324', 13, 1, '2026-04-07 10:06:46', NULL, 6, '8BYPR74', 'IT-20260219-0438', NULL),
(316, 'NB-1325', 13, 1, '2026-04-07 10:06:46', NULL, 6, '8DYPR74', 'IT-20260219-0439', NULL),
(317, 'NB-1326', 13, 1, '2026-04-07 10:06:46', NULL, 6, '8FYPR74', 'IT-20260219-0440', NULL),
(318, 'NB-1327', 13, 1, '2026-04-07 10:06:46', NULL, 6, '9FYPR74', 'IT-20260219-0441', NULL),
(319, 'NB-1328', 13, 1, '2026-04-07 10:06:46', NULL, 6, '9QYPR74', 'IT-20260219-0442', NULL),
(320, 'NB-1329', 13, 1, '2026-04-07 10:06:46', NULL, 6, '9SYPR74', 'IT-20260219-0443', NULL),
(321, 'NB-1330', 13, 1, '2026-04-07 10:06:46', NULL, 6, '9TYPR74', 'IT-20260219-0444', NULL),
(322, 'NB-1331', 13, 1, '2026-04-07 10:06:46', NULL, 6, 'BDYPR74', 'IT-20260219-0445', NULL),
(323, 'NB-1332', 13, 1, '2026-04-07 10:06:46', NULL, 6, 'BQYPR74', 'IT-20260219-0446', NULL),
(324, 'NB-1333', 13, 1, '2026-04-07 10:06:46', NULL, 6, 'BSYPR74', 'IT-20260219-0447', NULL),
(325, 'NB-1334', 13, 1, '2026-04-07 10:06:46', NULL, 6, 'BTYPR74', 'IT-20260219-0448', NULL),
(326, 'NB-1335', 13, 1, '2026-04-07 10:06:46', NULL, 6, 'CQYPR74', 'IT-20260219-0449', NULL),
(327, 'NB-1336', 13, 1, '2026-04-07 10:06:46', NULL, 6, 'CSYPR74', 'IT-20260219-0450', NULL),
(328, 'NB-1337', 13, 1, '2026-04-07 10:06:46', NULL, 6, 'DCYPR74', 'IT-20260219-0451', NULL),
(329, 'NB-1338', 13, 1, '2026-04-07 10:06:46', NULL, 6, 'DDYPR74', 'IT-20260219-0452', NULL),
(330, 'NB-1339', 13, 1, '2026-04-07 10:06:46', NULL, 6, 'DQYPR74', 'IT-20260219-0453', NULL),
(331, 'NB-1340', 13, 1, '2026-04-07 10:06:46', NULL, 6, 'DSYPR74', 'IT-20260219-0454', NULL),
(332, 'NB-1341', 13, 1, '2026-04-07 10:06:46', NULL, 6, 'FQYPR74', 'IT-20260219-0455', NULL),
(333, 'NB-1342', 13, 1, '2026-04-07 10:06:46', NULL, 6, 'FSYPR74', 'IT-20260219-0456', NULL),
(334, 'NB-1343', 13, 1, '2026-04-07 10:06:46', NULL, 6, 'GRYPR74', 'IT-20260219-0457', NULL),
(335, 'NB-1344', 13, 1, '2026-04-07 10:06:46', NULL, 6, 'GSYPR74', 'IT-20260219-0458', NULL),
(336, 'NB-1345', 13, 1, '2026-04-07 10:06:46', NULL, 6, 'HDYPR74', 'IT-20260219-0459', NULL),
(337, 'NB-1346', 13, 1, '2026-04-07 10:06:46', NULL, 6, 'HRYPR74', 'IT-20260219-0460', NULL),
(338, 'NB-1347', 13, 1, '2026-04-07 10:06:46', NULL, 6, 'JDYPR74', 'IT-20260219-0461', NULL),
(339, 'NB-1348', 13, 1, '2026-04-07 10:06:46', NULL, 6, 'JQYPR74', 'IT-20260219-0462', NULL),
(340, 'NB-1349', 13, 1, '2026-04-07 10:06:46', NULL, 6, 'JRYPR74', 'IT-20260219-0463', NULL),
(341, 'NB-1350', 13, 1, '2026-04-07 10:06:46', NULL, 6, 'JSYPR74', 'IT-20260219-0464', NULL),
(342, 'NB-1351', 13, 1, '2026-04-07 10:06:46', NULL, 6, '13VPR74', 'IT-20260219-0465', NULL),
(343, 'NB-1352', 13, 1, '2026-04-07 10:06:46', NULL, 6, '14VPR74', 'IT-20260219-0466', NULL),
(344, 'NB-1353', 13, 1, '2026-04-07 10:06:46', NULL, 6, '15VPR74', 'IT-20260219-0467', NULL),
(345, 'NB-1354', 13, 1, '2026-04-07 10:06:46', NULL, 6, '23VPR74', 'IT-20260219-0468', NULL),
(346, 'NB-1355', 13, 1, '2026-04-07 10:06:46', NULL, 6, '24VPR74', 'IT-20260219-0469', NULL),
(347, 'NB-1356', 13, 1, '2026-04-07 10:06:46', NULL, 6, '25VPR74', 'IT-20260219-0470', NULL),
(348, 'NB-1357', 13, 1, '2026-04-07 10:06:46', NULL, 6, '33VPR74', 'IT-20260219-0471', NULL),
(349, 'NB-1358', 13, 1, '2026-04-07 10:06:46', NULL, 6, '34VPR74', 'IT-20260219-0472', NULL),
(350, 'NB-1359', 13, 1, '2026-04-07 10:06:46', NULL, 6, '35VPR74', 'IT-20260219-0473', NULL),
(351, 'NB-1360', 13, 1, '2026-04-07 10:06:46', NULL, 6, '3QWPR74', 'IT-20260219-0474', NULL),
(352, 'NB-1361', 13, 1, '2026-04-07 10:06:46', NULL, 6, '43VPR74', 'IT-20260219-0475', NULL),
(353, 'NB-1362', 13, 1, '2026-04-07 10:06:46', NULL, 6, '44VPR74', 'IT-20260219-0476', NULL),
(354, 'NB-1363', 13, 1, '2026-04-07 10:06:46', NULL, 6, '45VPR74', 'IT-20260219-0477', NULL),
(355, 'NB-1364', 13, 1, '2026-04-07 10:06:46', NULL, 6, '4QWPR74', 'IT-20260219-0478', NULL),
(356, 'NB-1365', 13, 1, '2026-04-07 10:06:46', NULL, 6, '53VPR74', 'IT-20260219-0479', NULL),
(357, 'NB-1366', 13, 1, '2026-04-07 10:06:46', NULL, 6, '54VPR74', 'IT-20260219-0480', NULL),
(358, 'NB-1367', 13, 1, '2026-04-07 10:06:46', NULL, 6, '55VPR74', 'IT-20260219-0481', NULL),
(359, 'NB-1368', 13, 1, '2026-04-07 10:06:46', NULL, 6, '63VPR74', 'IT-20260219-0482', NULL),
(360, 'NB-1369', 13, 1, '2026-04-07 10:06:46', NULL, 6, '65VPR74', 'IT-20260219-0483', NULL),
(361, 'NB-1370', 13, 1, '2026-04-07 10:06:46', NULL, 6, '73VPR74', 'IT-20260219-0484', NULL),
(362, 'NB-1371', 13, 1, '2026-04-07 10:06:46', NULL, 6, '74VPR74', 'IT-20260219-0485', NULL),
(363, 'NB-1372', 13, 1, '2026-04-07 10:06:46', NULL, 6, '75VPR74', 'IT-20260219-0486', NULL),
(364, 'NB-1373', 13, 1, '2026-04-07 10:06:46', NULL, 6, '7QWPR74', 'IT-20260219-0487', NULL),
(365, 'NB-1374', 13, 1, '2026-04-07 10:06:46', NULL, 6, '83VPR74', 'IT-20260219-0488', NULL),
(366, 'NB-1375', 13, 1, '2026-04-07 10:06:46', NULL, 6, '84VPR74', 'IT-20260219-0489', NULL),
(367, 'NB-1376', 13, 1, '2026-04-07 10:06:46', NULL, 6, '85VPR74', 'IT-20260219-0490', NULL),
(368, 'NB-1377', 13, 1, '2026-04-07 10:06:46', NULL, 6, '93VPR74', 'IT-20260219-0491', NULL),
(369, 'NB-1378', 13, 1, '2026-04-07 10:06:46', NULL, 6, '94VPR74', 'IT-20260219-0492', NULL),
(370, 'NB-1379', 13, 1, '2026-04-07 10:06:46', NULL, 6, '95VPR74', 'IT-20260219-0493', NULL),
(371, 'NB-1380', 13, 1, '2026-04-07 10:06:46', NULL, 6, 'B3VPR74', 'IT-20260219-0494', NULL),
(372, 'NB-1381', 13, 1, '2026-04-07 10:06:46', NULL, 6, 'B4VPR74', 'IT-20260219-0495', NULL),
(373, 'NB-1382', 13, 1, '2026-04-07 10:06:46', NULL, 6, 'B5VPR74', 'IT-20260219-0496', NULL),
(374, 'NB-1383', 13, 1, '2026-04-07 10:06:46', NULL, 6, 'C3VPR74', 'IT-20260219-0497', NULL),
(375, 'NB-1384', 13, 1, '2026-04-07 10:06:46', NULL, 6, 'C4VPR74', 'IT-20260219-0498', NULL),
(376, 'NB-1385', 13, 1, '2026-04-07 10:06:46', NULL, 6, 'C5VPR74', 'IT-20260219-0499', NULL),
(377, 'NB-1386', 13, 1, '2026-04-07 10:06:46', NULL, 6, 'D3VPR74', 'IT-20260219-0500', NULL),
(378, 'NB-1387', 13, 1, '2026-04-07 10:06:46', NULL, 6, 'D4VPR74', 'IT-20260219-0501', NULL),
(379, 'NB-1388', 13, 1, '2026-04-07 10:06:46', NULL, 6, 'D5VPR74', 'IT-20260219-0502', NULL),
(380, 'NB-1389', 13, 1, '2026-04-07 10:06:46', NULL, 6, 'F3VPR74', 'IT-20260219-0503', NULL),
(381, 'NB-1390', 13, 1, '2026-04-07 10:06:46', NULL, 6, 'F4VPR74', 'IT-20260219-0504', NULL),
(382, 'NB-1391', 13, 1, '2026-04-07 10:06:46', NULL, 6, 'F5VPR74', 'IT-20260219-0505', NULL),
(383, 'NB-1392', 13, 1, '2026-04-07 10:06:46', NULL, 6, 'G2VPR74', 'IT-20260219-0506', NULL),
(384, 'NB-1393', 13, 1, '2026-04-07 10:06:46', NULL, 6, 'G3VPR74', 'IT-20260219-0507', NULL),
(385, 'NB-1394', 13, 1, '2026-04-07 10:06:46', NULL, 6, 'G4VPR74', 'IT-20260219-0508', NULL),
(386, 'NB-1395', 13, 1, '2026-04-07 10:06:46', NULL, 6, 'H2VPR74', 'IT-20260219-0509', NULL),
(387, 'NB-1396', 13, 1, '2026-04-07 10:06:46', NULL, 6, 'H3VPR74', 'IT-20260219-0510', NULL),
(388, 'NB-1397', 13, 1, '2026-04-07 10:06:46', NULL, 6, 'H4VPR74', 'IT-20260219-0511', NULL),
(389, 'NB-1398', 13, 1, '2026-04-07 10:06:46', NULL, 6, 'J2VPR74', 'IT-20260219-0512', NULL),
(390, 'NB-1399', 13, 1, '2026-04-07 10:06:46', NULL, 6, 'J3VPR74', 'IT-20260219-0513', NULL),
(391, 'NB-1400', 13, 1, '2026-04-07 10:06:46', NULL, 6, 'J4VPR74', 'IT-20260219-0514', NULL),
(392, 'NB-1401', 13, 1, '2026-04-07 10:06:46', NULL, 6, '1DYPR74', 'IT-20260219-0515', NULL),
(393, 'NB-1402', 13, 1, '2026-04-07 10:06:46', NULL, 6, '1FYPR74', 'IT-20260219-0516', NULL),
(394, 'NB-1403', 13, 1, '2026-04-07 10:06:46', NULL, 6, '1RYPR74', 'IT-20260219-0517', NULL),
(395, 'NB-1404', 13, 1, '2026-04-07 10:06:46', NULL, 6, '2CYPR74', 'IT-20260219-0518', NULL),
(396, 'NB-1405', 13, 1, '2026-04-07 10:06:46', NULL, 6, '2DYPR74', 'IT-20260219-0519', NULL),
(397, 'NB-1406', 13, 1, '2026-04-07 10:06:46', NULL, 6, '2FYPR74', 'IT-20260219-0520', NULL),
(398, 'NB-1407', 13, 1, '2026-04-07 10:06:46', NULL, 6, '3DYPR74', 'IT-20260219-0521', NULL),
(399, 'NB-1408', 13, 1, '2026-04-07 10:06:46', NULL, 6, '3FYPR74', 'IT-20260219-0522', NULL),
(400, 'NB-1409', 13, 1, '2026-04-07 10:06:46', NULL, 6, '4CYPR74', 'IT-20260219-0523', NULL),
(401, 'NB-1410', 13, 1, '2026-04-07 10:06:46', NULL, 6, '4DYPR74', 'IT-20260219-0524', NULL),
(402, 'NB-1411', 13, 1, '2026-04-07 10:06:46', NULL, 6, '5CYPR74', 'IT-20260219-0525', NULL),
(403, 'NB-1412', 13, 1, '2026-04-07 10:06:46', NULL, 6, '5DYPR74', 'IT-20260219-0526', NULL),
(404, 'NB-1413', 13, 1, '2026-04-07 10:06:46', NULL, 6, '5FYPR74', 'IT-20260219-0527', NULL),
(405, 'NB-1414', 13, 1, '2026-04-07 10:06:46', NULL, 6, '5RYPR74', 'IT-20260219-0528', NULL),
(406, 'NB-1415', 13, 1, '2026-04-07 10:06:46', NULL, 6, '6CYPR74', 'IT-20260219-0529', NULL),
(407, 'NB-1416', 13, 1, '2026-04-07 10:06:46', NULL, 6, '6DYPR74', 'IT-20260219-0530', NULL),
(408, 'NB-1417', 13, 1, '2026-04-07 10:06:46', NULL, 6, '6RYPR74', 'IT-20260219-0531', NULL),
(409, 'NB-1418', 13, 1, '2026-04-07 10:06:46', NULL, 6, '7CYPR74', 'IT-20260219-0532', NULL),
(410, 'NB-1419', 13, 1, '2026-04-07 10:06:46', NULL, 6, '7RYPR74', 'IT-20260219-0533', NULL),
(411, 'NB-1420', 13, 1, '2026-04-07 10:06:46', NULL, 6, '8CYPR74', 'IT-20260219-0534', NULL),
(412, 'NB-1421', 13, 1, '2026-04-07 10:06:46', NULL, 6, '8RYPR74', 'IT-20260219-0535', NULL),
(413, 'NB-1422', 13, 1, '2026-04-07 10:06:46', NULL, 6, '8SYPR74', 'IT-20260219-0536', NULL),
(414, 'NB-1423', 13, 1, '2026-04-07 10:06:46', NULL, 6, '8TYPR74', 'IT-20260219-0537', NULL),
(415, 'NB-1424', 13, 1, '2026-04-07 10:06:46', NULL, 6, '9BYPR74', 'IT-20260219-0538', NULL),
(416, 'NB-1425', 13, 1, '2026-04-07 10:06:46', NULL, 6, '9CYPR74', 'IT-20260219-0539', NULL),
(417, 'NB-1426', 13, 1, '2026-04-07 10:06:46', NULL, 6, '9DYPR74', 'IT-20260219-0540', NULL),
(418, 'NB-1427', 13, 1, '2026-04-07 10:06:46', NULL, 6, '9RYPR74', 'IT-20260219-0541', NULL),
(419, 'NB-1428', 13, 1, '2026-04-07 10:06:46', NULL, 6, 'BBYPR74', 'IT-20260219-0542', NULL),
(420, 'NB-1429', 13, 1, '2026-04-07 10:06:46', NULL, 6, 'BCYPR74', 'IT-20260219-0543', NULL),
(421, 'NB-1430', 13, 1, '2026-04-07 10:06:46', NULL, 6, 'BRYPR74', 'IT-20260219-0544', NULL),
(422, 'NB-1431', 13, 1, '2026-04-07 10:06:46', NULL, 6, 'CBYPR74', 'IT-20260219-0545', NULL),
(423, 'NB-1432', 13, 1, '2026-04-07 10:06:46', NULL, 6, 'CCYPR74', 'IT-20260219-0546', NULL),
(424, 'NB-1433', 13, 1, '2026-04-07 10:06:46', NULL, 6, 'CDYPR74', 'IT-20260219-0547', NULL),
(425, 'NB-1434', 13, 1, '2026-04-07 10:06:46', NULL, 6, 'CRYPR74', 'IT-20260219-0548', NULL),
(426, 'NB-1435', 13, 1, '2026-04-07 10:06:46', NULL, 6, 'DBYPR74', 'IT-20260219-0549', NULL),
(427, 'NB-1436', 13, 1, '2026-04-07 10:06:46', NULL, 6, 'DRYPR74', 'IT-20260219-0550', NULL),
(428, 'NB-1437', 13, 1, '2026-04-07 10:06:46', NULL, 6, 'FBYPR74', 'IT-20260219-0551', NULL),
(429, 'NB-1438', 13, 1, '2026-04-07 10:06:46', NULL, 6, 'FCYPR74', 'IT-20260219-0552', NULL),
(430, 'NB-1439', 13, 1, '2026-04-07 10:06:46', NULL, 6, 'FDYPR74', 'IT-20260219-0553', NULL),
(431, 'NB-1440', 13, 1, '2026-04-07 10:06:46', NULL, 6, 'FRYPR74', 'IT-20260219-0554', NULL),
(432, 'NB-1441', 13, 1, '2026-04-07 10:06:46', NULL, 6, 'GBYPR74', 'IT-20260219-0555', NULL),
(433, 'NB-1442', 13, 1, '2026-04-07 10:06:46', NULL, 6, 'GCYPR74', 'IT-20260219-0556', NULL),
(434, 'NB-1443', 13, 1, '2026-04-07 10:06:46', NULL, 6, 'GDYPR74', 'IT-20260219-0557', NULL),
(435, 'NB-1444', 13, 1, '2026-04-07 10:06:46', NULL, 6, 'GQYPR74', 'IT-20260219-0558', NULL),
(436, 'NB-1445', 13, 1, '2026-04-07 10:06:46', NULL, 6, 'HBYPR74', 'IT-20260219-0559', NULL),
(437, 'NB-1446', 13, 1, '2026-04-07 10:06:46', NULL, 6, 'HCYPR74', 'IT-20260219-0560', NULL),
(438, 'NB-1447', 13, 1, '2026-04-07 10:06:46', NULL, 6, 'HQYPR74', 'IT-20260219-0561', NULL),
(439, 'NB-1448', 13, 1, '2026-04-07 10:06:46', NULL, 6, 'HSYPR74', 'IT-20260219-0562', NULL),
(440, 'NB-1449', 13, 1, '2026-04-07 10:06:46', NULL, 6, 'JBYPR74', 'IT-20260219-0563', NULL),
(441, 'NB-1450', 13, 1, '2026-04-07 10:06:46', NULL, 6, 'JCYPR74', 'IT-20260219-0564', NULL),
(442, 'NB-1451', 13, 1, '2026-04-07 10:06:46', NULL, 6, '1QWPR74', 'IT-20260219-0565', NULL),
(443, 'NB-1452', 13, 1, '2026-04-07 10:06:46', NULL, 6, '2QWPR74', 'IT-20260219-0566', NULL),
(444, 'NB-1453', 13, 1, '2026-04-07 10:06:46', NULL, 6, '5QWPR74', 'IT-20260219-0567', NULL),
(445, 'NB-1454', 13, 1, '2026-04-07 10:06:46', NULL, 6, '64VPR74', 'IT-20260219-0568', NULL),
(446, 'NB-1455', 13, 1, '2026-04-07 10:06:46', NULL, 6, '6QWPR74', 'IT-20260219-0569', NULL),
(447, 'NB-1456', 13, 1, '2026-04-07 10:06:46', NULL, 6, 'DPWPR74', 'IT-20260219-0570', NULL),
(448, 'NB-1457', 13, 1, '2026-04-07 10:06:46', NULL, 6, 'F2VPR74', 'IT-20260219-0571', NULL),
(449, 'NB-1458', 13, 1, '2026-04-07 10:06:46', NULL, 6, 'FPWPR74', 'IT-20260219-0572', NULL),
(450, 'NB-1459', 13, 1, '2026-04-07 10:06:46', NULL, 6, 'G5VPR74', 'IT-20260219-0573', NULL),
(451, 'NB-1460', 13, 1, '2026-04-07 10:06:46', NULL, 6, 'GPWPR74', 'IT-20260219-0574', NULL),
(452, 'NB-1461', 13, 1, '2026-04-07 10:06:46', NULL, 6, 'HPWPR74', 'IT-20260219-0575', NULL),
(453, 'NB-1462', 13, 1, '2026-04-07 10:06:46', NULL, 6, 'JPWPR74', 'IT-20260219-0576', NULL),
(456, 'People_StationB1_SW2', 16, 1, '2026-04-07 10:22:21', '2026-04-07 11:16:38', 6, 'JAE254010GE', 'IT-20260212-0317', 'cff16f9f5c641c373a24d72c4e4a935e.png'),
(457, 'People_StationB1_SW1', 16, 1, '2026-04-07 10:22:59', '2026-04-07 11:16:57', 6, 'JAE254010K2', 'IT-20260212-0331', 'bd9e1f416c25151fa5cd246a7314adf5.png'),
(458, 'PK-B26-0008', 17, 1, '2026-04-07 11:01:14', NULL, 6, 'SU21U4B002635', 'IT-20260310-0001', '65f65554df13dfdf94f16f474f3e6f92.png'),
(459, 'PK-B26-0009', 17, 1, '2026-04-07 11:05:15', NULL, 6, 'SU21U4B001835', 'IT-20260310-0002', NULL),
(460, 'PK-B26-0010', 17, 1, '2026-04-07 11:05:15', NULL, 6, 'SU21U4B002431', 'IT-20260310-0003', NULL),
(461, 'PK-B26-0011', 17, 1, '2026-04-07 11:05:15', NULL, 6, 'SU21U4B002436', 'IT-20260310-0004', NULL),
(462, 'PK-B26-0012', 17, 1, '2026-04-07 11:05:15', NULL, 6, 'SU21U4B002415', 'IT-20260310-0005', NULL),
(463, 'PK-B26-0013', 17, 1, '2026-04-07 11:05:15', NULL, 6, 'SU21U4B001269', 'IT-20260310-0006', NULL),
(464, 'PK-B26-0014', 17, 1, '2026-04-07 11:05:15', NULL, 6, 'SU21U4B002439', 'IT-20260310-0007', NULL),
(465, 'PK-B26-0015', 17, 1, '2026-04-07 11:05:15', NULL, 6, 'SU21U4B002433', 'IT-20260310-0008', NULL),
(466, 'PK-B26-0016', 17, 1, '2026-04-07 11:05:15', NULL, 6, 'SU21U4B002426', 'IT-20260310-0009', NULL),
(467, 'PK-B26-0017', 17, 1, '2026-04-07 11:05:15', NULL, 6, 'SU21U4B002411', 'IT-20260310-0011', NULL),
(468, 'PK-B26-0018', 17, 1, '2026-04-07 11:05:15', NULL, 6, 'SU21U4B002408', 'IT-20260310-0012', NULL),
(469, 'PK-B26-0019', 17, 1, '2026-04-07 11:05:15', NULL, 6, 'SU21U4B001254', 'IT-20260310-0013', NULL),
(470, 'iMAC-035', 18, 1, '2026-04-07 11:29:25', NULL, 6, 'C02KN0GLQ6X3', 'IT-20260219-0270', 'e71687787cd543dd76d4154e3172b997.png'),
(471, 'iMAC-036', 18, 1, '2026-04-07 11:31:55', NULL, 6, '02KN0GMQ6X3', 'IT-20260219-0271', NULL),
(472, 'iMAC-046', 18, 1, '2026-04-07 11:31:55', '2026-04-09 11:21:25', 6, 'D7D2F9QYYV', 'IT-20260219-0272', NULL),
(473, 'iMAC-047', 18, 1, '2026-04-07 11:31:55', NULL, 6, 'D21N2MKX1H', 'IT-20260219-0273', NULL),
(474, 'iMAC-048', 18, 1, '2026-04-07 11:31:55', '2026-04-20 16:40:20', 6, 'D2FM4TP4WR', 'IT-20260219-0274', NULL),
(475, 'iMAC-049', 18, 1, '2026-04-07 11:31:55', '2026-04-17 17:25:08', 6, 'CXY332N2CL', 'IT-20260219-0275', NULL),
(476, 'MACBOOK-020', 19, 1, '2026-04-07 11:41:11', '2026-04-08 23:07:51', 6, 'F2YV6XGH1G', 'IT-20260219-0276', '083de60d8b8a8a3ad7d852f6cd05e305.png'),
(477, 'MACBOOK-021', 19, 1, '2026-04-07 11:43:40', NULL, 6, 'CJ933VNCFQ', 'IT-20260219-0277', NULL),
(478, 'MACBOOK-022', 19, 1, '2026-04-07 11:43:40', NULL, 6, 'VV9GWK4T2K', 'IT-20260219-0278', NULL),
(479, 'MACBOOK-023', 19, 1, '2026-04-07 11:43:40', NULL, 6, 'GJY76XFG2J', 'IT-20260219-0279', NULL),
(481, 'MACBOOK-211', 19, 1, '2026-04-07 11:43:40', NULL, 6, 'JXGYNJQX2C', 'IT-20260219-0281', NULL),
(482, 'MACBOOK-212', 19, 1, '2026-04-07 11:43:40', '2026-04-17 14:59:52', 6, 'JY9WNVVW7M', 'IT-20260219-0282', NULL),
(483, 'MACBOOK-213', 19, 1, '2026-04-07 11:43:40', NULL, 6, 'JX2L979M94', 'IT-20260219-0283', NULL),
(484, 'MACBOOK-024', 20, 1, '2026-04-07 11:48:19', NULL, 6, 'TLDWJLG40C', 'IT-20260219-0280', 'e81656d945773d56095dec13d884d7f5.png'),
(485, NULL, 21, 1, '2026-04-07 11:57:34', NULL, 6, NULL, 'IT-20260227-0001', '9f3c1f1c50e9875a71df7b6c0ae9d18c.png');

-- --------------------------------------------------------

--
-- Table structure for table `tb_t_employee`
--

CREATE TABLE `tb_t_employee` (
  `EMPID` int(11) NOT NULL,
  `fname` varchar(255) DEFAULT NULL,
  `lname` varchar(255) DEFAULT NULL,
  `username` varchar(255) DEFAULT NULL,
  `password` varchar(255) DEFAULT NULL,
  `email` varchar(100) DEFAULT NULL,
  `phone` varchar(50) DEFAULT NULL,
  `InstitutionID` int(11) DEFAULT 1,
  `DepartmentID` int(11) DEFAULT 1,
  `RoleID` int(11) DEFAULT 1,
  `EMPStatusID` int(11) DEFAULT 1,
  `CreateDate` datetime DEFAULT current_timestamp(),
  `reset_expire` datetime DEFAULT NULL,
  `reset_otp` varchar(255) DEFAULT NULL,
  `otp_attempt` int(11) DEFAULT 0,
  `ProfileImage` varchar(255) DEFAULT NULL,
  `EMP_NUM` varchar(50) DEFAULT NULL,
  `fax` varchar(50) DEFAULT NULL,
  `IsActive` tinyint(4) DEFAULT 1,
  `two_fa_enabled` tinyint(4) DEFAULT 0,
  `two_fa_otp` varchar(255) DEFAULT NULL,
  `two_fa_expire` datetime DEFAULT NULL,
  `two_fa_attempt` int(11) DEFAULT 0,
  `two_fa_locked_until` datetime DEFAULT NULL,
  `two_fa_last_sent` datetime DEFAULT NULL,
  `two_fa_dismissed` datetime DEFAULT NULL,
  `login_otp` varchar(255) DEFAULT NULL,
  `login_expire` datetime DEFAULT NULL,
  `login_attempt` int(11) DEFAULT 0
) ENGINE=InnoDB DEFAULT CHARSET=utf8mb4 COLLATE=utf8mb4_general_ci;

--
-- Dumping data for table `tb_t_employee`
--

INSERT INTO `tb_t_employee` (`EMPID`, `fname`, `lname`, `username`, `password`, `email`, `phone`, `InstitutionID`, `DepartmentID`, `RoleID`, `EMPStatusID`, `CreateDate`, `reset_expire`, `reset_otp`, `otp_attempt`, `ProfileImage`, `EMP_NUM`, `fax`, `IsActive`, `two_fa_enabled`, `two_fa_otp`, `two_fa_expire`, `two_fa_attempt`, `two_fa_locked_until`, `two_fa_last_sent`, `two_fa_dismissed`, `login_otp`, `login_expire`, `login_attempt`) VALUES
(4, 'Yaowaman', 'Chulrat', 'user', '$2b$10$msNTIhUo2Y9jfEpjMCGebe5Fo4q0tXuTugIESnRrn6oZMCihh0qn6', 'yaowaman.chul@gmail.com', '0889170931', 1, 2, 1, 1, '2026-01-21 16:20:37', NULL, NULL, 0, '1771212140393.jpg', '123456', '01236', 1, 0, NULL, NULL, 0, NULL, NULL, '2026-04-19 23:44:43', NULL, NULL, 0),
(6, 'Admin', 'Yaowaman', 'Admin', '$2b$10$YXuvFCcXkxHerr38d4P4SeXk4lv0qwEd8171xZ6AbSzl/K/ped65K', 'Yaowaman.0889170931@gmail.com', '0880000000', 1, 12, 2, 1, '2026-01-26 16:09:54', NULL, NULL, 0, 'emp_1773888009266.jpg', '65120501016', '1212121', 1, 0, NULL, NULL, 0, NULL, NULL, '2026-04-20 17:51:23', NULL, NULL, 0),
(10, 'user2', 'ss', 'user2', '$2b$10$UmJqGAvrTO9SDryAPqMnGeQUVKi0k0JYmjq5k9DEFhHehLVizxVIa', 'user2@gmail.com', '0894557575', 2, 1, 1, 1, '2026-03-19 09:38:46', NULL, NULL, 0, '1773887988050.gif', '114456', '1245', 1, 0, NULL, NULL, 0, NULL, NULL, NULL, NULL, NULL, 0),
(12, 'Admin1', 'Chulrat', 'admin1', '$2b$10$3MlYfKt/AHPzD/hQtTJ.9O7yJDCm7Kwe3UcqdXd1DWfBYmgpLay.W', 'Yaowaman.chul@mail.kmutt.ac.th', '0889170931', 1, 14, 2, 1, '2026-04-18 18:58:29', NULL, NULL, 0, 'emp_1776513509483.jpg', '123123', '11111', 1, 0, NULL, NULL, 0, NULL, NULL, '2026-04-18 18:59:32', NULL, NULL, 0);

-- --------------------------------------------------------

--
-- Table structure for table `tb_t_notification`
--

CREATE TABLE `tb_t_notification` (
  `NotiID` int(11) NOT NULL,
  `ReceiverID` int(11) NOT NULL,
  `SenderID` int(11) DEFAULT NULL,
  `NotiType` varchar(30) NOT NULL,
  `Title` varchar(100) NOT NULL,
  `Message` text NOT NULL,
  `RefID` int(11) DEFAULT NULL,
  `Link` varchar(255) DEFAULT NULL,
  `IsRead` tinyint(4) DEFAULT 0,
  `IsDeleted` tinyint(4) DEFAULT 0,
  `CreatedDate` datetime DEFAULT current_timestamp()
) ENGINE=InnoDB DEFAULT CHARSET=utf8mb4 COLLATE=utf8mb4_general_ci;

--
-- Dumping data for table `tb_t_notification`
--

INSERT INTO `tb_t_notification` (`NotiID`, `ReceiverID`, `SenderID`, `NotiType`, `Title`, `Message`, `RefID`, `Link`, `IsRead`, `IsDeleted`, `CreatedDate`) VALUES
(1, 4, NULL, 'borrow_sent', 'ส่งคำขอยืมแล้ว', 'คำขอเลขที่ BR17756643062970 ถูกส่งเรียบร้อย', 0, NULL, 0, 0, '2026-04-08 23:05:06'),
(2, 4, NULL, 'borrow_sent', 'ส่งคำขอยืมแล้ว', 'คำขอเลขที่ BR17756644282000 ถูกส่งเรียบร้อย', 0, NULL, 0, 0, '2026-04-08 23:07:08'),
(3, 4, NULL, 'borrow_sent', 'ส่งคำขอยืมแล้ว', 'คำขอเลขที่ BR17757076617130 ถูกส่งเรียบร้อย', 0, NULL, 0, 0, '2026-04-09 11:07:41'),
(4, 4, NULL, 'borrow_sent', 'ส่งคำขอยืมแล้ว', 'คำขอเลขที่ BR17757087588630 ถูกส่งเรียบร้อย', 0, NULL, 0, 0, '2026-04-09 11:25:58'),
(5, 4, NULL, 'borrow_sent', 'ส่งคำขอยืมแล้ว', 'คำขอเลขที่ BR17757097068380 ถูกส่งเรียบร้อย', 0, NULL, 0, 0, '2026-04-09 11:41:46'),
(6, 4, NULL, 'borrow_sent', 'ส่งคำขอยืมแล้ว', 'คำขอเลขที่ BR17757165264000 ถูกส่งเรียบร้อย', 0, NULL, 0, 0, '2026-04-09 13:35:26'),
(7, 4, NULL, 'borrow_sent', 'ส่งคำขอยืมแล้ว', 'คำขอเลขที่ BR17761837919590 ถูกส่งเรียบร้อย', 0, NULL, 0, 0, '2026-04-14 23:23:11'),
(8, 4, NULL, 'borrow_sent', 'ส่งคำขอยืมแล้ว', 'คำขอเลขที่ BR17763206735200 ถูกส่งเรียบร้อย', 0, NULL, 0, 0, '2026-04-16 13:24:33'),
(9, 4, NULL, 'borrow_sent', 'ส่งคำขอยืมแล้ว', 'คำขอเลขที่ BR17763305873410 ถูกส่งเรียบร้อย', 0, NULL, 0, 0, '2026-04-16 16:09:47'),
(10, 4, NULL, 'borrow_sent', 'ส่งคำขอยืมแล้ว', 'คำขอเลขที่ BR17763309992720 ถูกส่งเรียบร้อย', 0, NULL, 0, 0, '2026-04-16 16:16:39'),
(11, 4, NULL, 'borrow_sent', 'ส่งคำขอยืมแล้ว', 'คำขอเลขที่ BR17763312691990 ถูกส่งเรียบร้อย', 0, NULL, 0, 0, '2026-04-16 16:21:09'),
(12, 4, NULL, 'borrow_sent', 'ส่งคำขอยืมแล้ว', 'คำขอเลขที่ BR17763314484610 ถูกส่งเรียบร้อย', 0, NULL, 0, 0, '2026-04-16 16:24:08'),
(13, 4, NULL, 'borrow_sent', 'ส่งคำขอยืมแล้ว', 'คำขอเลขที่ BR17763352396730 ถูกส่งเรียบร้อย', 0, NULL, 0, 0, '2026-04-16 17:27:19'),
(14, 4, NULL, 'borrow_sent', 'ส่งคำขอยืมแล้ว', 'คำขอเลขที่ BR17763361299160 ถูกส่งเรียบร้อย', 0, NULL, 0, 0, '2026-04-16 17:42:09'),
(15, 4, NULL, 'borrow_sent', 'ส่งคำขอยืมแล้ว', 'คำขอเลขที่ BR17763363448090 ถูกส่งเรียบร้อย', 0, NULL, 0, 0, '2026-04-16 17:45:44'),
(16, 4, NULL, 'borrow_sent', 'ส่งคำขอยืมแล้ว', 'คำขอเลขที่ BR17763656592710 ถูกส่งเรียบร้อย', 0, NULL, 0, 0, '2026-04-17 01:54:19'),
(17, 4, NULL, 'borrow_sent', 'ส่งคำขอยืมแล้ว', 'คำขอเลขที่ BR17763662308680 ถูกส่งเรียบร้อย', 0, NULL, 0, 0, '2026-04-17 02:03:50'),
(18, 4, NULL, 'borrow_sent', 'ส่งคำขอยืมแล้ว', 'คำขอเลขที่ BR17764121570430 ถูกส่งเรียบร้อย', 0, NULL, 0, 0, '2026-04-17 14:49:17'),
(19, 4, NULL, 'borrow_sent', 'ส่งคำขอยืมแล้ว', 'คำขอเลขที่ BR17764124692870 ถูกส่งเรียบร้อย', 0, NULL, 0, 0, '2026-04-17 14:54:29'),
(20, 4, NULL, 'borrow_sent', 'ส่งคำขอยืมแล้ว', 'คำขอเลขที่ BR17764171894280 ถูกส่งเรียบร้อย', 0, NULL, 0, 0, '2026-04-17 16:13:09'),
(21, 4, NULL, 'borrow_sent', 'ส่งคำขอยืมแล้ว', 'คำขอเลขที่ BR17764184092440 ถูกส่งเรียบร้อย', 0, NULL, 0, 0, '2026-04-17 16:33:29'),
(22, 4, NULL, 'borrow_sent', 'ส่งคำขอยืมแล้ว', 'คำขอเลขที่ BR17764184558790 ถูกส่งเรียบร้อย', 0, NULL, 0, 0, '2026-04-17 16:34:15'),
(23, 4, NULL, 'borrow_sent', 'ส่งคำขอยืมแล้ว', 'คำขอเลขที่ BR17764203126740 ถูกส่งเรียบร้อย', 0, NULL, 0, 0, '2026-04-17 17:05:12'),
(24, 4, NULL, 'borrow_sent', 'ส่งคำขอยืมแล้ว', 'คำขอเลขที่ BR17765195662870 ถูกส่งเรียบร้อย', 0, NULL, 0, 0, '2026-04-18 20:39:26'),
(25, 4, NULL, 'borrow_sent', 'ส่งคำขอยืมแล้ว', 'คำขอเลขที่ BR17765359742580 ถูกส่งเรียบร้อย', 0, NULL, 0, 0, '2026-04-19 01:12:54'),
(26, 4, NULL, 'borrow_sent', 'ส่งคำขอยืมแล้ว', 'คำขอเลขที่ BR17765996770970 ถูกส่งเรียบร้อย', 0, NULL, 0, 0, '2026-04-19 18:54:37'),
(27, 4, NULL, 'borrow_sent', 'ส่งคำขอยืมแล้ว', 'คำขอเลขที่ BR17765996990680 ถูกส่งเรียบร้อย', 0, NULL, 0, 0, '2026-04-19 18:54:59'),
(28, 4, NULL, 'borrow_sent', 'ส่งคำขอยืมแล้ว', 'คำขอเลขที่ BR17766171090440 ถูกส่งเรียบร้อย', 0, NULL, 0, 0, '2026-04-19 23:45:09');

-- --------------------------------------------------------

--
-- Table structure for table `tb_t_notificationread`
--

CREATE TABLE `tb_t_notificationread` (
  `ID` int(11) NOT NULL,
  `EMPID` int(11) NOT NULL,
  `NotiKey` varchar(100) NOT NULL,
  `ReadAt` datetime NOT NULL DEFAULT current_timestamp()
) ENGINE=InnoDB DEFAULT CHARSET=utf8mb4 COLLATE=utf8mb4_general_ci;

--
-- Dumping data for table `tb_t_notificationread`
--

INSERT INTO `tb_t_notificationread` (`ID`, `EMPID`, `NotiKey`, `ReadAt`) VALUES
(1, 6, 'neardue-8', '2026-04-09 11:06:10'),
(2, 6, 'pending-7', '2026-04-09 11:06:10'),
(3, 6, 'pending-6', '2026-04-09 11:06:10'),
(4, 6, 'pending-5', '2026-04-09 11:06:10'),
(5, 6, 'pending-4', '2026-04-09 11:06:10'),
(6, 4, 'u-neardue-8', '2026-04-09 11:06:38'),
(7, 4, 'u-pending-7', '2026-04-09 11:06:38'),
(8, 4, 'u-pending-6', '2026-04-09 11:06:38'),
(9, 4, 'u-pending-5', '2026-04-09 11:06:38'),
(10, 4, 'u-pending-4', '2026-04-09 11:06:38'),
(11, 4, 'u-pending-9', '2026-04-09 11:07:44'),
(12, 6, 'pending-9', '2026-04-09 11:08:13'),
(13, 4, 'u-approved-9', '2026-04-09 11:19:07'),
(14, 4, 'u-approved-5', '2026-04-09 11:21:49'),
(15, 4, 'u-approved-4', '2026-04-09 11:23:37'),
(16, 4, 'u-pending-10', '2026-04-09 11:26:01'),
(17, 6, 'pending-10', '2026-04-09 11:26:59'),
(18, 4, 'u-approved-10', '2026-04-09 11:37:49'),
(19, 4, 'u-returned-5', '2026-04-09 11:39:56'),
(20, 4, 'u-returned-9', '2026-04-09 11:39:56'),
(21, 4, 'u-returned-8', '2026-04-09 11:39:56'),
(22, 4, 'u-rejected-7', '2026-04-09 11:39:56'),
(23, 4, 'u-returned-2', '2026-04-09 11:39:56'),
(24, 4, 'u-rejected-1', '2026-04-09 11:39:56'),
(25, 4, 'u-pending-11', '2026-04-09 11:41:49'),
(26, 6, 'pending-11', '2026-04-09 11:42:17'),
(27, 4, 'u-returned-10', '2026-04-09 11:54:52'),
(28, 4, 'u-approved-11', '2026-04-09 11:54:52'),
(29, 4, 'u-pending-1', '2026-04-09 13:35:29'),
(30, 6, 'pending-1', '2026-04-10 09:34:10'),
(31, 4, 'u-approved-1', '2026-04-14 21:57:03'),
(32, 4, 'u-neardue-1', '2026-04-14 21:57:16'),
(33, 6, 'neardue-1', '2026-04-14 21:57:41'),
(34, 4, 'u-returned-1', '2026-04-14 23:21:54'),
(35, 4, 'u-pending-2', '2026-04-14 23:23:15'),
(36, 6, 'pending-2', '2026-04-14 23:23:28'),
(37, 4, 'u-approved-2', '2026-04-14 23:24:47'),
(38, 4, 'u-neardue-2', '2026-04-14 23:26:34'),
(39, 6, 'neardue-2', '2026-04-14 23:26:59'),
(40, 4, 'u-pending-3', '2026-04-16 13:24:36'),
(41, 6, 'pending-3', '2026-04-16 13:29:08'),
(42, 4, 'u-approved-3', '2026-04-16 13:33:10'),
(43, 4, 'u-neardue-3', '2026-04-16 13:33:24'),
(44, 6, 'neardue-3', '2026-04-16 13:33:47'),
(45, 4, 'u-returned-3', '2026-04-16 13:34:31'),
(46, 4, '', '2026-04-16 16:13:10'),
(48, 4, 'u-returned-4', '2026-04-16 16:16:23'),
(49, 4, 'u-neardue-5', '2026-04-16 16:18:00'),
(50, 6, 'neardue-5', '2026-04-16 16:18:17'),
(52, 4, 'u-pending-8', '2026-04-16 17:27:24'),
(53, 6, 'pending-8', '2026-04-16 17:27:48'),
(54, 4, 'u-approved-8', '2026-04-16 17:41:49'),
(55, 4, 'u-neardue-9', '2026-04-16 17:45:34'),
(56, 6, 'neardue-9', '2026-04-16 17:46:17'),
(57, 4, 'u-neardue-11', '2026-04-17 02:01:45'),
(58, 6, 'neardue-11', '2026-04-17 02:02:03'),
(59, 4, 'u-returned-11', '2026-04-17 02:03:40'),
(60, 4, 'u-pending-12', '2026-04-17 02:03:57'),
(61, 4, 'u-approved-12', '2026-04-17 02:05:46'),
(62, 4, 'u-neardue-12', '2026-04-17 14:49:05'),
(63, 4, 'u-pending-14', '2026-04-17 14:59:21'),
(64, 6, 'pending-14', '2026-04-17 15:01:27'),
(65, 6, 'rejected-14', '2026-04-17 16:04:27'),
(66, 4, 'u-rejected-14', '2026-04-17 16:05:23'),
(67, 4, 'u-returned-12', '2026-04-17 16:05:23'),
(68, 4, 'u-neardue-15', '2026-04-17 16:33:19'),
(69, 4, 'u-pending-16', '2026-04-17 16:33:41'),
(70, 4, 'u-pending-17', '2026-04-17 16:34:20'),
(71, 4, 'u-rejected-16', '2026-04-17 16:49:25'),
(72, 4, 'u-approved-17', '2026-04-17 16:49:25'),
(73, 4, 'u-returned-15', '2026-04-17 16:49:25'),
(74, 6, 'rejected-16', '2026-04-17 16:55:36'),
(75, 4, 'u-pending-18', '2026-04-17 17:05:16'),
(78, 4, 'u-returned-17', '2026-04-17 17:26:46'),
(79, 4, 'rejected-16', '2026-04-17 21:13:21'),
(80, 4, 'rejected-14', '2026-04-17 21:13:28'),
(81, 4, 'u-pending-19', '2026-04-18 20:39:32'),
(82, 6, 'pending-19', '2026-04-18 20:39:44'),
(83, 4, 'u-approved-19', '2026-04-18 20:40:03'),
(84, 4, 'u-neardue-19', '2026-04-18 20:40:08'),
(85, 6, 'neardue-19', '2026-04-18 20:40:28'),
(86, 4, 'u-returned-19', '2026-04-18 23:05:25'),
(87, 4, 'u-pending-20', '2026-04-19 01:13:00'),
(88, 6, 'pending-20', '2026-04-19 01:19:07'),
(89, 6, 'neardue-22', '2026-04-19 23:13:09'),
(90, 6, 'neardue-21', '2026-04-19 23:13:13'),
(91, 4, 'u-returned-21', '2026-04-19 23:44:56'),
(92, 4, 'u-neardue-22', '2026-04-19 23:44:57'),
(93, 6, 'pending-23', '2026-04-19 23:45:41'),
(94, 6, 'rejected-23', '2026-04-19 23:49:35'),
(95, 4, 'u-returned-22', '2026-04-20 10:11:07');

-- --------------------------------------------------------

--
-- Table structure for table `tb_t_repair`
--

CREATE TABLE `tb_t_repair` (
  `RepairID` int(11) NOT NULL,
  `RepairCode` varchar(20) DEFAULT NULL,
  `DVID` int(11) DEFAULT NULL,
  `EMPID` int(11) DEFAULT NULL,
  `ProblemDetail` text DEFAULT NULL,
  `RepairStatusID` int(11) DEFAULT 1,
  `CreateDate` datetime DEFAULT current_timestamp(),
  `StartRepairDate` datetime DEFAULT NULL,
  `FinishDate` datetime DEFAULT NULL,
  `Remark` text DEFAULT NULL,
  `RepairDetail` text DEFAULT NULL,
  `RepairCost` decimal(10,2) DEFAULT NULL,
  `Technician` varchar(100) DEFAULT NULL
) ENGINE=InnoDB DEFAULT CHARSET=utf8mb4 COLLATE=utf8mb4_general_ci;

--
-- Dumping data for table `tb_t_repair`
--

INSERT INTO `tb_t_repair` (`RepairID`, `RepairCode`, `DVID`, `EMPID`, `ProblemDetail`, `RepairStatusID`, `CreateDate`, `StartRepairDate`, `FinishDate`, `Remark`, `RepairDetail`, `RepairCost`, `Technician`) VALUES
(1, 'RP-20260419-0001', 159, 6, 'เปิดไม่ติด', 3, '2026-04-19 02:03:19', '2026-04-19 17:45:19', '2026-04-19 17:45:34', NULL, NULL, NULL, 'Admin Yaowaman'),
(2, 'RP-20260419-0002', 130, 6, 'จอพัง', 4, '2026-04-19 17:46:12', NULL, NULL, NULL, NULL, NULL, NULL),
(3, 'RP-20260419-0003', 176, 6, 'ห', 3, '2026-04-19 17:47:28', '2026-04-19 17:47:35', '2026-04-19 17:48:06', NULL, NULL, NULL, 'Admin Yaowaman'),
(4, 'RP-20260419-0004', 159, 6, 'hh', 3, '2026-04-19 18:01:34', '2026-04-19 18:01:42', '2026-04-19 23:26:01', NULL, NULL, NULL, 'Admin Yaowaman'),
(5, 'RP-20260419-0005', 138, 6, 'กก', 4, '2026-04-19 18:10:40', '2026-04-19 18:10:43', NULL, NULL, NULL, NULL, 'Admin Yaowaman'),
(6, 'RP-20260420-0006', 474, 6, 'ดดด', 3, '2026-04-20 16:38:30', '2026-04-20 16:39:31', '2026-04-20 16:40:20', NULL, NULL, NULL, 'Admin Yaowaman');

--
-- Indexes for dumped tables
--

--
-- Indexes for table `roles`
--
ALTER TABLE `roles`
  ADD PRIMARY KEY (`RoleID`);

--
-- Indexes for table `sessions`
--
ALTER TABLE `sessions`
  ADD PRIMARY KEY (`session_id`);

--
-- Indexes for table `tb_m_borrowstatus`
--
ALTER TABLE `tb_m_borrowstatus`
  ADD PRIMARY KEY (`BorrowStatusID`);

--
-- Indexes for table `tb_m_brand`
--
ALTER TABLE `tb_m_brand`
  ADD PRIMARY KEY (`BrandID`);

--
-- Indexes for table `tb_m_category`
--
ALTER TABLE `tb_m_category`
  ADD PRIMARY KEY (`CategoryID`);

--
-- Indexes for table `tb_m_department`
--
ALTER TABLE `tb_m_department`
  ADD PRIMARY KEY (`DepartmentID`);

--
-- Indexes for table `tb_m_devicestatus`
--
ALTER TABLE `tb_m_devicestatus`
  ADD PRIMARY KEY (`DVStatusID`);

--
-- Indexes for table `tb_m_institution`
--
ALTER TABLE `tb_m_institution`
  ADD PRIMARY KEY (`InstitutionID`);

--
-- Indexes for table `tb_m_model`
--
ALTER TABLE `tb_m_model`
  ADD PRIMARY KEY (`ModelID`),
  ADD KEY `fk_model_brand` (`BrandID`);

--
-- Indexes for table `tb_m_repairstatus`
--
ALTER TABLE `tb_m_repairstatus`
  ADD PRIMARY KEY (`RepairStatusID`);

--
-- Indexes for table `tb_m_type`
--
ALTER TABLE `tb_m_type`
  ADD PRIMARY KEY (`TypeID`);

--
-- Indexes for table `tb_t_borrowtransaction`
--
ALTER TABLE `tb_t_borrowtransaction`
  ADD PRIMARY KEY (`BorrowID`),
  ADD UNIQUE KEY `BorrowCode` (`BorrowCode`),
  ADD KEY `fk_bt_empid` (`EMPID`),
  ADD KEY `fk_bt_dvid` (`DVID`);

--
-- Indexes for table `tb_t_device`
--
ALTER TABLE `tb_t_device`
  ADD PRIMARY KEY (`DeviceID`),
  ADD KEY `CategoryID` (`CategoryID`),
  ADD KEY `BrandID` (`BrandID`),
  ADD KEY `TypeID` (`TypeID`);

--
-- Indexes for table `tb_t_deviceadd`
--
ALTER TABLE `tb_t_deviceadd`
  ADD PRIMARY KEY (`DVID`),
  ADD UNIQUE KEY `uniq_asset_code` (`ITCode`),
  ADD UNIQUE KEY `SerialNumber` (`SerialNumber`),
  ADD UNIQUE KEY `AssetCode` (`ITCode`),
  ADD UNIQUE KEY `SerialNumber_2` (`SerialNumber`),
  ADD UNIQUE KEY `AssetCode_2` (`ITCode`),
  ADD KEY `fk_device_status` (`DVStatusID`),
  ADD KEY `fk_deviceadd_device` (`DeviceID`);

--
-- Indexes for table `tb_t_employee`
--
ALTER TABLE `tb_t_employee`
  ADD PRIMARY KEY (`EMPID`),
  ADD UNIQUE KEY `username` (`username`),
  ADD KEY `fk_emp_role` (`RoleID`);

--
-- Indexes for table `tb_t_notification`
--
ALTER TABLE `tb_t_notification`
  ADD PRIMARY KEY (`NotiID`),
  ADD KEY `idx_receiver_read` (`ReceiverID`,`IsRead`,`CreatedDate`);

--
-- Indexes for table `tb_t_notificationread`
--
ALTER TABLE `tb_t_notificationread`
  ADD PRIMARY KEY (`ID`),
  ADD UNIQUE KEY `uq_emp_noti` (`EMPID`,`NotiKey`);

--
-- Indexes for table `tb_t_repair`
--
ALTER TABLE `tb_t_repair`
  ADD PRIMARY KEY (`RepairID`),
  ADD KEY `DVID` (`DVID`),
  ADD KEY `EMPID` (`EMPID`),
  ADD KEY `RepairStatusID` (`RepairStatusID`);

--
-- AUTO_INCREMENT for dumped tables
--

--
-- AUTO_INCREMENT for table `roles`
--
ALTER TABLE `roles`
  MODIFY `RoleID` int(11) NOT NULL AUTO_INCREMENT, AUTO_INCREMENT=3;

--
-- AUTO_INCREMENT for table `tb_m_brand`
--
ALTER TABLE `tb_m_brand`
  MODIFY `BrandID` int(11) NOT NULL AUTO_INCREMENT, AUTO_INCREMENT=9;

--
-- AUTO_INCREMENT for table `tb_m_category`
--
ALTER TABLE `tb_m_category`
  MODIFY `CategoryID` int(11) NOT NULL AUTO_INCREMENT, AUTO_INCREMENT=13;

--
-- AUTO_INCREMENT for table `tb_m_department`
--
ALTER TABLE `tb_m_department`
  MODIFY `DepartmentID` int(11) NOT NULL AUTO_INCREMENT, AUTO_INCREMENT=16;

--
-- AUTO_INCREMENT for table `tb_m_institution`
--
ALTER TABLE `tb_m_institution`
  MODIFY `InstitutionID` int(11) NOT NULL AUTO_INCREMENT, AUTO_INCREMENT=13;

--
-- AUTO_INCREMENT for table `tb_m_model`
--
ALTER TABLE `tb_m_model`
  MODIFY `ModelID` int(11) NOT NULL AUTO_INCREMENT, AUTO_INCREMENT=16;

--
-- AUTO_INCREMENT for table `tb_m_type`
--
ALTER TABLE `tb_m_type`
  MODIFY `TypeID` int(11) NOT NULL AUTO_INCREMENT, AUTO_INCREMENT=9;

--
-- AUTO_INCREMENT for table `tb_t_borrowtransaction`
--
ALTER TABLE `tb_t_borrowtransaction`
  MODIFY `BorrowID` int(11) NOT NULL AUTO_INCREMENT, AUTO_INCREMENT=24;

--
-- AUTO_INCREMENT for table `tb_t_device`
--
ALTER TABLE `tb_t_device`
  MODIFY `DeviceID` int(11) NOT NULL AUTO_INCREMENT, AUTO_INCREMENT=22;

--
-- AUTO_INCREMENT for table `tb_t_deviceadd`
--
ALTER TABLE `tb_t_deviceadd`
  MODIFY `DVID` int(11) NOT NULL AUTO_INCREMENT, AUTO_INCREMENT=486;

--
-- AUTO_INCREMENT for table `tb_t_employee`
--
ALTER TABLE `tb_t_employee`
  MODIFY `EMPID` int(11) NOT NULL AUTO_INCREMENT, AUTO_INCREMENT=13;

--
-- AUTO_INCREMENT for table `tb_t_notification`
--
ALTER TABLE `tb_t_notification`
  MODIFY `NotiID` int(11) NOT NULL AUTO_INCREMENT, AUTO_INCREMENT=29;

--
-- AUTO_INCREMENT for table `tb_t_notificationread`
--
ALTER TABLE `tb_t_notificationread`
  MODIFY `ID` int(11) NOT NULL AUTO_INCREMENT, AUTO_INCREMENT=96;

--
-- AUTO_INCREMENT for table `tb_t_repair`
--
ALTER TABLE `tb_t_repair`
  MODIFY `RepairID` int(11) NOT NULL AUTO_INCREMENT, AUTO_INCREMENT=7;

--
-- Constraints for dumped tables
--

--
-- Constraints for table `tb_m_model`
--
ALTER TABLE `tb_m_model`
  ADD CONSTRAINT `fk_model_brand` FOREIGN KEY (`BrandID`) REFERENCES `tb_m_brand` (`BrandID`);

--
-- Constraints for table `tb_t_borrowtransaction`
--
ALTER TABLE `tb_t_borrowtransaction`
  ADD CONSTRAINT `fk_bt_dvid` FOREIGN KEY (`DVID`) REFERENCES `tb_t_deviceadd` (`DVID`),
  ADD CONSTRAINT `fk_bt_empid` FOREIGN KEY (`EMPID`) REFERENCES `tb_t_employee` (`EMPID`);

--
-- Constraints for table `tb_t_device`
--
ALTER TABLE `tb_t_device`
  ADD CONSTRAINT `tb_t_device_ibfk_1` FOREIGN KEY (`CategoryID`) REFERENCES `tb_m_category` (`CategoryID`),
  ADD CONSTRAINT `tb_t_device_ibfk_2` FOREIGN KEY (`BrandID`) REFERENCES `tb_m_brand` (`BrandID`),
  ADD CONSTRAINT `tb_t_device_ibfk_3` FOREIGN KEY (`TypeID`) REFERENCES `tb_m_type` (`TypeID`);

--
-- Constraints for table `tb_t_deviceadd`
--
ALTER TABLE `tb_t_deviceadd`
  ADD CONSTRAINT `fk_device_status` FOREIGN KEY (`DVStatusID`) REFERENCES `tb_m_devicestatus` (`DVStatusID`),
  ADD CONSTRAINT `fk_deviceadd_device` FOREIGN KEY (`DeviceID`) REFERENCES `tb_t_device` (`DeviceID`),
  ADD CONSTRAINT `tb_t_deviceadd_ibfk_5` FOREIGN KEY (`DVStatusID`) REFERENCES `tb_m_devicestatus` (`DVStatusID`);

--
-- Constraints for table `tb_t_employee`
--
ALTER TABLE `tb_t_employee`
  ADD CONSTRAINT `fk_emp_role` FOREIGN KEY (`RoleID`) REFERENCES `roles` (`RoleID`);

--
-- Constraints for table `tb_t_repair`
--
ALTER TABLE `tb_t_repair`
  ADD CONSTRAINT `tb_t_repair_ibfk_1` FOREIGN KEY (`DVID`) REFERENCES `tb_t_deviceadd` (`DVID`),
  ADD CONSTRAINT `tb_t_repair_ibfk_2` FOREIGN KEY (`EMPID`) REFERENCES `tb_t_employee` (`EMPID`),
  ADD CONSTRAINT `tb_t_repair_ibfk_3` FOREIGN KEY (`RepairStatusID`) REFERENCES `tb_m_repairstatus` (`RepairStatusID`);
COMMIT;

/*!40101 SET CHARACTER_SET_CLIENT=@OLD_CHARACTER_SET_CLIENT */;
/*!40101 SET CHARACTER_SET_RESULTS=@OLD_CHARACTER_SET_RESULTS */;
/*!40101 SET COLLATION_CONNECTION=@OLD_COLLATION_CONNECTION */;
